[
{
  "model": "contenttypes.contenttype",
  "pk": 1,
  "fields": {
    "app_label": "admin",
    "model": "logentry"
  }
},
{
  "model": "contenttypes.contenttype",
  "pk": 2,
  "fields": {
    "app_label": "auth",
    "model": "permission"
  }
},
{
  "model": "contenttypes.contenttype",
  "pk": 3,
  "fields": {
    "app_label": "auth",
    "model": "group"
  }
},
{
  "model": "contenttypes.contenttype",
  "pk": 4,
  "fields": {
    "app_label": "auth",
    "model": "user"
  }
},
{
  "model": "contenttypes.contenttype",
  "pk": 5,
  "fields": {
    "app_label": "authtoken",
    "model": "token"
  }
},
{
  "model": "contenttypes.contenttype",
  "pk": 6,
  "fields": {
    "app_label": "contenttypes",
    "model": "contenttype"
  }
},
{
  "model": "contenttypes.contenttype",
  "pk": 7,
  "fields": {
    "app_label": "database",
    "model": "constance"
  }
},
{
  "model": "contenttypes.contenttype",
  "pk": 8,
  "fields": {
    "app_label": "django_celery_beat",
    "model": "solarschedule"
  }
},
{
  "model": "contenttypes.contenttype",
  "pk": 9,
  "fields": {
    "app_label": "django_celery_beat",
    "model": "intervalschedule"
  }
},
{
  "model": "contenttypes.contenttype",
  "pk": 10,
  "fields": {
    "app_label": "django_celery_beat",
    "model": "clockedschedule"
  }
},
{
  "model": "contenttypes.contenttype",
  "pk": 11,
  "fields": {
    "app_label": "django_celery_beat",
    "model": "crontabschedule"
  }
},
{
  "model": "contenttypes.contenttype",
  "pk": 12,
  "fields": {
    "app_label": "django_celery_beat",
    "model": "periodictasks"
  }
},
{
  "model": "contenttypes.contenttype",
  "pk": 13,
  "fields": {
    "app_label": "django_celery_beat",
    "model": "periodictask"
  }
},
{
  "model": "contenttypes.contenttype",
  "pk": 14,
  "fields": {
    "app_label": "django_digest",
    "model": "usernonce"
  }
},
{
  "model": "contenttypes.contenttype",
  "pk": 15,
  "fields": {
    "app_label": "django_digest",
    "model": "partialdigest"
  }
},
{
  "model": "contenttypes.contenttype",
  "pk": 16,
  "fields": {
    "app_label": "external_integrations",
    "model": "corsmodel"
  }
},
{
  "model": "contenttypes.contenttype",
  "pk": 17,
  "fields": {
    "app_label": "help",
    "model": "inappmessage"
  }
},
{
  "model": "contenttypes.contenttype",
  "pk": 18,
  "fields": {
    "app_label": "help",
    "model": "inappmessagefile"
  }
},
{
  "model": "contenttypes.contenttype",
  "pk": 19,
  "fields": {
    "app_label": "help",
    "model": "inappmessageuserinteractions"
  }
},
{
  "model": "contenttypes.contenttype",
  "pk": 20,
  "fields": {
    "app_label": "kpi",
    "model": "assetfile"
  }
},
{
  "model": "contenttypes.contenttype",
  "pk": 21,
  "fields": {
    "app_label": "kpi",
    "model": "objectpermission"
  }
},
{
  "model": "contenttypes.contenttype",
  "pk": 22,
  "fields": {
    "app_label": "kpi",
    "model": "assetsnapshot"
  }
},
{
  "model": "contenttypes.contenttype",
  "pk": 23,
  "fields": {
    "app_label": "kpi",
    "model": "assetuserpartialpermission"
  }
},
{
  "model": "contenttypes.contenttype",
  "pk": 24,
  "fields": {
    "app_label": "kpi",
    "model": "assetversion"
  }
},
{
  "model": "contenttypes.contenttype",
  "pk": 25,
  "fields": {
    "app_label": "kpi",
    "model": "asset"
  }
},
{
  "model": "contenttypes.contenttype",
  "pk": 26,
  "fields": {
    "app_label": "kpi",
    "model": "userassetsubscription"
  }
},
{
  "model": "contenttypes.contenttype",
  "pk": 27,
  "fields": {
    "app_label": "kpi",
    "model": "assetexportsettings"
  }
},
{
  "model": "contenttypes.contenttype",
  "pk": 28,
  "fields": {
    "app_label": "kpi",
    "model": "importtask"
  }
},
{
  "model": "contenttypes.contenttype",
  "pk": 29,
  "fields": {
    "app_label": "kpi",
    "model": "exporttask"
  }
},
{
  "model": "contenttypes.contenttype",
  "pk": 30,
  "fields": {
    "app_label": "kpi",
    "model": "taguid"
  }
},
{
  "model": "contenttypes.contenttype",
  "pk": 31,
  "fields": {
    "app_label": "kpi",
    "model": "authorizedapplication"
  }
},
{
  "model": "contenttypes.contenttype",
  "pk": 32,
  "fields": {
    "app_label": "kpi",
    "model": "onetimeauthenticationkey"
  }
},
{
  "model": "contenttypes.contenttype",
  "pk": 33,
  "fields": {
    "app_label": "reversion",
    "model": "revision"
  }
},
{
  "model": "contenttypes.contenttype",
  "pk": 34,
  "fields": {
    "app_label": "reversion",
    "model": "version"
  }
},
{
  "model": "contenttypes.contenttype",
  "pk": 35,
  "fields": {
    "app_label": "shadow_model",
    "model": "kobocatcontenttype"
  }
},
{
  "model": "contenttypes.contenttype",
  "pk": 36,
  "fields": {
    "app_label": "shadow_model",
    "model": "kobocatdigestpartial"
  }
},
{
  "model": "contenttypes.contenttype",
  "pk": 37,
  "fields": {
    "app_label": "shadow_model",
    "model": "kobocatonetimeauthtoken"
  }
},
{
  "model": "contenttypes.contenttype",
  "pk": 38,
  "fields": {
    "app_label": "shadow_model",
    "model": "kobocatpermission"
  }
},
{
  "model": "contenttypes.contenttype",
  "pk": 39,
  "fields": {
    "app_label": "shadow_model",
    "model": "kobocatuser"
  }
},
{
  "model": "contenttypes.contenttype",
  "pk": 40,
  "fields": {
    "app_label": "shadow_model",
    "model": "kobocatuserobjectpermission"
  }
},
{
  "model": "contenttypes.contenttype",
  "pk": 41,
  "fields": {
    "app_label": "shadow_model",
    "model": "kobocatuserpermission"
  }
},
{
  "model": "contenttypes.contenttype",
  "pk": 42,
  "fields": {
    "app_label": "shadow_model",
    "model": "kobocatuserprofile"
  }
},
{
  "model": "contenttypes.contenttype",
  "pk": 43,
  "fields": {
    "app_label": "shadow_model",
    "model": "kobocattoken"
  }
},
{
  "model": "contenttypes.contenttype",
  "pk": 44,
  "fields": {
    "app_label": "shadow_model",
    "model": "kobocatxform"
  }
},
{
  "model": "contenttypes.contenttype",
  "pk": 45,
  "fields": {
    "app_label": "superuser_stats",
    "model": "kobocatsubmissioncounter"
  }
},
{
  "model": "contenttypes.contenttype",
  "pk": 46,
  "fields": {
    "app_label": "superuser_stats",
    "model": "readonlykobocatinstance"
  }
},
{
  "model": "contenttypes.contenttype",
  "pk": 47,
  "fields": {
    "app_label": "taggit",
    "model": "tag"
  }
},
{
  "model": "contenttypes.contenttype",
  "pk": 48,
  "fields": {
    "app_label": "taggit",
    "model": "taggeditem"
  }
},
{
  "model": "contenttypes.contenttype",
  "pk": 49,
  "fields": {
    "app_label": "hook",
    "model": "hook"
  }
},
{
  "model": "contenttypes.contenttype",
  "pk": 50,
  "fields": {
    "app_label": "hook",
    "model": "hooklog"
  }
},
{
  "model": "contenttypes.contenttype",
  "pk": 51,
  "fields": {
    "app_label": "hub",
    "model": "sitewidemessage"
  }
},
{
  "model": "contenttypes.contenttype",
  "pk": 52,
  "fields": {
    "app_label": "hub",
    "model": "extrauserdetail"
  }
},
{
  "model": "contenttypes.contenttype",
  "pk": 53,
  "fields": {
    "app_label": "hub",
    "model": "configurationfile"
  }
},
{
  "model": "contenttypes.contenttype",
  "pk": 54,
  "fields": {
    "app_label": "hub",
    "model": "perusersetting"
  }
},
{
  "model": "contenttypes.contenttype",
  "pk": 55,
  "fields": {
    "app_label": "kpi",
    "model": "collection"
  }
},
{
  "model": "contenttypes.contenttype",
  "pk": 56,
  "fields": {
    "app_label": "kpi",
    "model": "usercollectionsubscription"
  }
},
{
  "model": "contenttypes.contenttype",
  "pk": 57,
  "fields": {
    "app_label": "constance",
    "model": "config"
  }
},
{
  "model": "contenttypes.contenttype",
  "pk": 58,
  "fields": {
    "app_label": "sessions",
    "model": "session"
  }
},
{
  "model": "contenttypes.contenttype",
  "pk": 59,
  "fields": {
    "app_label": "registration",
    "model": "registrationprofile"
  }
},
{
  "model": "contenttypes.contenttype",
  "pk": 60,
  "fields": {
    "app_label": "registration",
    "model": "supervisedregistrationprofile"
  }
},
{
  "model": "contenttypes.contenttype",
  "pk": 61,
  "fields": {
    "app_label": "oauth2_provider",
    "model": "application"
  }
},
{
  "model": "contenttypes.contenttype",
  "pk": 62,
  "fields": {
    "app_label": "oauth2_provider",
    "model": "accesstoken"
  }
},
{
  "model": "contenttypes.contenttype",
  "pk": 63,
  "fields": {
    "app_label": "oauth2_provider",
    "model": "grant"
  }
},
{
  "model": "contenttypes.contenttype",
  "pk": 64,
  "fields": {
    "app_label": "oauth2_provider",
    "model": "refreshtoken"
  }
},
{
  "model": "auth.permission",
  "pk": 1,
  "fields": {
    "name": "Can add log entry",
    "content_type": 1,
    "codename": "add_logentry"
  }
},
{
  "model": "auth.permission",
  "pk": 2,
  "fields": {
    "name": "Can change log entry",
    "content_type": 1,
    "codename": "change_logentry"
  }
},
{
  "model": "auth.permission",
  "pk": 3,
  "fields": {
    "name": "Can delete log entry",
    "content_type": 1,
    "codename": "delete_logentry"
  }
},
{
  "model": "auth.permission",
  "pk": 4,
  "fields": {
    "name": "Can view log entry",
    "content_type": 1,
    "codename": "view_logentry"
  }
},
{
  "model": "auth.permission",
  "pk": 5,
  "fields": {
    "name": "Can add permission",
    "content_type": 2,
    "codename": "add_permission"
  }
},
{
  "model": "auth.permission",
  "pk": 6,
  "fields": {
    "name": "Can change permission",
    "content_type": 2,
    "codename": "change_permission"
  }
},
{
  "model": "auth.permission",
  "pk": 7,
  "fields": {
    "name": "Can delete permission",
    "content_type": 2,
    "codename": "delete_permission"
  }
},
{
  "model": "auth.permission",
  "pk": 8,
  "fields": {
    "name": "Can view permission",
    "content_type": 2,
    "codename": "view_permission"
  }
},
{
  "model": "auth.permission",
  "pk": 9,
  "fields": {
    "name": "Can add group",
    "content_type": 3,
    "codename": "add_group"
  }
},
{
  "model": "auth.permission",
  "pk": 10,
  "fields": {
    "name": "Can change group",
    "content_type": 3,
    "codename": "change_group"
  }
},
{
  "model": "auth.permission",
  "pk": 11,
  "fields": {
    "name": "Can delete group",
    "content_type": 3,
    "codename": "delete_group"
  }
},
{
  "model": "auth.permission",
  "pk": 12,
  "fields": {
    "name": "Can view group",
    "content_type": 3,
    "codename": "view_group"
  }
},
{
  "model": "auth.permission",
  "pk": 13,
  "fields": {
    "name": "Can add user",
    "content_type": 4,
    "codename": "add_user"
  }
},
{
  "model": "auth.permission",
  "pk": 14,
  "fields": {
    "name": "Can change user",
    "content_type": 4,
    "codename": "change_user"
  }
},
{
  "model": "auth.permission",
  "pk": 15,
  "fields": {
    "name": "Can delete user",
    "content_type": 4,
    "codename": "delete_user"
  }
},
{
  "model": "auth.permission",
  "pk": 16,
  "fields": {
    "name": "Can view user",
    "content_type": 4,
    "codename": "view_user"
  }
},
{
  "model": "auth.permission",
  "pk": 17,
  "fields": {
    "name": "Can add Token",
    "content_type": 5,
    "codename": "add_token"
  }
},
{
  "model": "auth.permission",
  "pk": 18,
  "fields": {
    "name": "Can change Token",
    "content_type": 5,
    "codename": "change_token"
  }
},
{
  "model": "auth.permission",
  "pk": 19,
  "fields": {
    "name": "Can delete Token",
    "content_type": 5,
    "codename": "delete_token"
  }
},
{
  "model": "auth.permission",
  "pk": 20,
  "fields": {
    "name": "Can view Token",
    "content_type": 5,
    "codename": "view_token"
  }
},
{
  "model": "auth.permission",
  "pk": 21,
  "fields": {
    "name": "Can add content type",
    "content_type": 6,
    "codename": "add_contenttype"
  }
},
{
  "model": "auth.permission",
  "pk": 22,
  "fields": {
    "name": "Can change content type",
    "content_type": 6,
    "codename": "change_contenttype"
  }
},
{
  "model": "auth.permission",
  "pk": 23,
  "fields": {
    "name": "Can delete content type",
    "content_type": 6,
    "codename": "delete_contenttype"
  }
},
{
  "model": "auth.permission",
  "pk": 24,
  "fields": {
    "name": "Can view content type",
    "content_type": 6,
    "codename": "view_contenttype"
  }
},
{
  "model": "auth.permission",
  "pk": 25,
  "fields": {
    "name": "Can add constance",
    "content_type": 7,
    "codename": "add_constance"
  }
},
{
  "model": "auth.permission",
  "pk": 26,
  "fields": {
    "name": "Can change constance",
    "content_type": 7,
    "codename": "change_constance"
  }
},
{
  "model": "auth.permission",
  "pk": 27,
  "fields": {
    "name": "Can delete constance",
    "content_type": 7,
    "codename": "delete_constance"
  }
},
{
  "model": "auth.permission",
  "pk": 28,
  "fields": {
    "name": "Can view constance",
    "content_type": 7,
    "codename": "view_constance"
  }
},
{
  "model": "auth.permission",
  "pk": 29,
  "fields": {
    "name": "Can add solar event",
    "content_type": 8,
    "codename": "add_solarschedule"
  }
},
{
  "model": "auth.permission",
  "pk": 30,
  "fields": {
    "name": "Can change solar event",
    "content_type": 8,
    "codename": "change_solarschedule"
  }
},
{
  "model": "auth.permission",
  "pk": 31,
  "fields": {
    "name": "Can delete solar event",
    "content_type": 8,
    "codename": "delete_solarschedule"
  }
},
{
  "model": "auth.permission",
  "pk": 32,
  "fields": {
    "name": "Can view solar event",
    "content_type": 8,
    "codename": "view_solarschedule"
  }
},
{
  "model": "auth.permission",
  "pk": 33,
  "fields": {
    "name": "Can add interval",
    "content_type": 9,
    "codename": "add_intervalschedule"
  }
},
{
  "model": "auth.permission",
  "pk": 34,
  "fields": {
    "name": "Can change interval",
    "content_type": 9,
    "codename": "change_intervalschedule"
  }
},
{
  "model": "auth.permission",
  "pk": 35,
  "fields": {
    "name": "Can delete interval",
    "content_type": 9,
    "codename": "delete_intervalschedule"
  }
},
{
  "model": "auth.permission",
  "pk": 36,
  "fields": {
    "name": "Can view interval",
    "content_type": 9,
    "codename": "view_intervalschedule"
  }
},
{
  "model": "auth.permission",
  "pk": 37,
  "fields": {
    "name": "Can add clocked",
    "content_type": 10,
    "codename": "add_clockedschedule"
  }
},
{
  "model": "auth.permission",
  "pk": 38,
  "fields": {
    "name": "Can change clocked",
    "content_type": 10,
    "codename": "change_clockedschedule"
  }
},
{
  "model": "auth.permission",
  "pk": 39,
  "fields": {
    "name": "Can delete clocked",
    "content_type": 10,
    "codename": "delete_clockedschedule"
  }
},
{
  "model": "auth.permission",
  "pk": 40,
  "fields": {
    "name": "Can view clocked",
    "content_type": 10,
    "codename": "view_clockedschedule"
  }
},
{
  "model": "auth.permission",
  "pk": 41,
  "fields": {
    "name": "Can add crontab",
    "content_type": 11,
    "codename": "add_crontabschedule"
  }
},
{
  "model": "auth.permission",
  "pk": 42,
  "fields": {
    "name": "Can change crontab",
    "content_type": 11,
    "codename": "change_crontabschedule"
  }
},
{
  "model": "auth.permission",
  "pk": 43,
  "fields": {
    "name": "Can delete crontab",
    "content_type": 11,
    "codename": "delete_crontabschedule"
  }
},
{
  "model": "auth.permission",
  "pk": 44,
  "fields": {
    "name": "Can view crontab",
    "content_type": 11,
    "codename": "view_crontabschedule"
  }
},
{
  "model": "auth.permission",
  "pk": 45,
  "fields": {
    "name": "Can add periodic tasks",
    "content_type": 12,
    "codename": "add_periodictasks"
  }
},
{
  "model": "auth.permission",
  "pk": 46,
  "fields": {
    "name": "Can change periodic tasks",
    "content_type": 12,
    "codename": "change_periodictasks"
  }
},
{
  "model": "auth.permission",
  "pk": 47,
  "fields": {
    "name": "Can delete periodic tasks",
    "content_type": 12,
    "codename": "delete_periodictasks"
  }
},
{
  "model": "auth.permission",
  "pk": 48,
  "fields": {
    "name": "Can view periodic tasks",
    "content_type": 12,
    "codename": "view_periodictasks"
  }
},
{
  "model": "auth.permission",
  "pk": 49,
  "fields": {
    "name": "Can add periodic task",
    "content_type": 13,
    "codename": "add_periodictask"
  }
},
{
  "model": "auth.permission",
  "pk": 50,
  "fields": {
    "name": "Can change periodic task",
    "content_type": 13,
    "codename": "change_periodictask"
  }
},
{
  "model": "auth.permission",
  "pk": 51,
  "fields": {
    "name": "Can delete periodic task",
    "content_type": 13,
    "codename": "delete_periodictask"
  }
},
{
  "model": "auth.permission",
  "pk": 52,
  "fields": {
    "name": "Can view periodic task",
    "content_type": 13,
    "codename": "view_periodictask"
  }
},
{
  "model": "auth.permission",
  "pk": 53,
  "fields": {
    "name": "Can add user nonce",
    "content_type": 14,
    "codename": "add_usernonce"
  }
},
{
  "model": "auth.permission",
  "pk": 54,
  "fields": {
    "name": "Can change user nonce",
    "content_type": 14,
    "codename": "change_usernonce"
  }
},
{
  "model": "auth.permission",
  "pk": 55,
  "fields": {
    "name": "Can delete user nonce",
    "content_type": 14,
    "codename": "delete_usernonce"
  }
},
{
  "model": "auth.permission",
  "pk": 56,
  "fields": {
    "name": "Can view user nonce",
    "content_type": 14,
    "codename": "view_usernonce"
  }
},
{
  "model": "auth.permission",
  "pk": 57,
  "fields": {
    "name": "Can add partial digest",
    "content_type": 15,
    "codename": "add_partialdigest"
  }
},
{
  "model": "auth.permission",
  "pk": 58,
  "fields": {
    "name": "Can change partial digest",
    "content_type": 15,
    "codename": "change_partialdigest"
  }
},
{
  "model": "auth.permission",
  "pk": 59,
  "fields": {
    "name": "Can delete partial digest",
    "content_type": 15,
    "codename": "delete_partialdigest"
  }
},
{
  "model": "auth.permission",
  "pk": 60,
  "fields": {
    "name": "Can view partial digest",
    "content_type": 15,
    "codename": "view_partialdigest"
  }
},
{
  "model": "auth.permission",
  "pk": 61,
  "fields": {
    "name": "Can add allowed CORS origin",
    "content_type": 16,
    "codename": "add_corsmodel"
  }
},
{
  "model": "auth.permission",
  "pk": 62,
  "fields": {
    "name": "Can change allowed CORS origin",
    "content_type": 16,
    "codename": "change_corsmodel"
  }
},
{
  "model": "auth.permission",
  "pk": 63,
  "fields": {
    "name": "Can delete allowed CORS origin",
    "content_type": 16,
    "codename": "delete_corsmodel"
  }
},
{
  "model": "auth.permission",
  "pk": 64,
  "fields": {
    "name": "Can view allowed CORS origin",
    "content_type": 16,
    "codename": "view_corsmodel"
  }
},
{
  "model": "auth.permission",
  "pk": 65,
  "fields": {
    "name": "Can add in app message",
    "content_type": 17,
    "codename": "add_inappmessage"
  }
},
{
  "model": "auth.permission",
  "pk": 66,
  "fields": {
    "name": "Can change in app message",
    "content_type": 17,
    "codename": "change_inappmessage"
  }
},
{
  "model": "auth.permission",
  "pk": 67,
  "fields": {
    "name": "Can delete in app message",
    "content_type": 17,
    "codename": "delete_inappmessage"
  }
},
{
  "model": "auth.permission",
  "pk": 68,
  "fields": {
    "name": "Can view in app message",
    "content_type": 17,
    "codename": "view_inappmessage"
  }
},
{
  "model": "auth.permission",
  "pk": 69,
  "fields": {
    "name": "Can add in app message file",
    "content_type": 18,
    "codename": "add_inappmessagefile"
  }
},
{
  "model": "auth.permission",
  "pk": 70,
  "fields": {
    "name": "Can change in app message file",
    "content_type": 18,
    "codename": "change_inappmessagefile"
  }
},
{
  "model": "auth.permission",
  "pk": 71,
  "fields": {
    "name": "Can delete in app message file",
    "content_type": 18,
    "codename": "delete_inappmessagefile"
  }
},
{
  "model": "auth.permission",
  "pk": 72,
  "fields": {
    "name": "Can view in app message file",
    "content_type": 18,
    "codename": "view_inappmessagefile"
  }
},
{
  "model": "auth.permission",
  "pk": 73,
  "fields": {
    "name": "Can add in app message user interactions",
    "content_type": 19,
    "codename": "add_inappmessageuserinteractions"
  }
},
{
  "model": "auth.permission",
  "pk": 74,
  "fields": {
    "name": "Can change in app message user interactions",
    "content_type": 19,
    "codename": "change_inappmessageuserinteractions"
  }
},
{
  "model": "auth.permission",
  "pk": 75,
  "fields": {
    "name": "Can delete in app message user interactions",
    "content_type": 19,
    "codename": "delete_inappmessageuserinteractions"
  }
},
{
  "model": "auth.permission",
  "pk": 76,
  "fields": {
    "name": "Can view in app message user interactions",
    "content_type": 19,
    "codename": "view_inappmessageuserinteractions"
  }
},
{
  "model": "auth.permission",
  "pk": 77,
  "fields": {
    "name": "Can add asset file",
    "content_type": 20,
    "codename": "add_assetfile"
  }
},
{
  "model": "auth.permission",
  "pk": 78,
  "fields": {
    "name": "Can change asset file",
    "content_type": 20,
    "codename": "change_assetfile"
  }
},
{
  "model": "auth.permission",
  "pk": 79,
  "fields": {
    "name": "Can delete asset file",
    "content_type": 20,
    "codename": "delete_assetfile"
  }
},
{
  "model": "auth.permission",
  "pk": 80,
  "fields": {
    "name": "Can view asset file",
    "content_type": 20,
    "codename": "view_assetfile"
  }
},
{
  "model": "auth.permission",
  "pk": 81,
  "fields": {
    "name": "Can add object permission",
    "content_type": 21,
    "codename": "add_objectpermission"
  }
},
{
  "model": "auth.permission",
  "pk": 82,
  "fields": {
    "name": "Can change object permission",
    "content_type": 21,
    "codename": "change_objectpermission"
  }
},
{
  "model": "auth.permission",
  "pk": 83,
  "fields": {
    "name": "Can delete object permission",
    "content_type": 21,
    "codename": "delete_objectpermission"
  }
},
{
  "model": "auth.permission",
  "pk": 84,
  "fields": {
    "name": "Can view object permission",
    "content_type": 21,
    "codename": "view_objectpermission"
  }
},
{
  "model": "auth.permission",
  "pk": 85,
  "fields": {
    "name": "Can add asset snapshot",
    "content_type": 22,
    "codename": "add_assetsnapshot"
  }
},
{
  "model": "auth.permission",
  "pk": 86,
  "fields": {
    "name": "Can change asset snapshot",
    "content_type": 22,
    "codename": "change_assetsnapshot"
  }
},
{
  "model": "auth.permission",
  "pk": 87,
  "fields": {
    "name": "Can delete asset snapshot",
    "content_type": 22,
    "codename": "delete_assetsnapshot"
  }
},
{
  "model": "auth.permission",
  "pk": 88,
  "fields": {
    "name": "Can view asset snapshot",
    "content_type": 22,
    "codename": "view_assetsnapshot"
  }
},
{
  "model": "auth.permission",
  "pk": 89,
  "fields": {
    "name": "Can add asset user partial permission",
    "content_type": 23,
    "codename": "add_assetuserpartialpermission"
  }
},
{
  "model": "auth.permission",
  "pk": 90,
  "fields": {
    "name": "Can change asset user partial permission",
    "content_type": 23,
    "codename": "change_assetuserpartialpermission"
  }
},
{
  "model": "auth.permission",
  "pk": 91,
  "fields": {
    "name": "Can delete asset user partial permission",
    "content_type": 23,
    "codename": "delete_assetuserpartialpermission"
  }
},
{
  "model": "auth.permission",
  "pk": 92,
  "fields": {
    "name": "Can view asset user partial permission",
    "content_type": 23,
    "codename": "view_assetuserpartialpermission"
  }
},
{
  "model": "auth.permission",
  "pk": 93,
  "fields": {
    "name": "Can add asset version",
    "content_type": 24,
    "codename": "add_assetversion"
  }
},
{
  "model": "auth.permission",
  "pk": 94,
  "fields": {
    "name": "Can change asset version",
    "content_type": 24,
    "codename": "change_assetversion"
  }
},
{
  "model": "auth.permission",
  "pk": 95,
  "fields": {
    "name": "Can delete asset version",
    "content_type": 24,
    "codename": "delete_assetversion"
  }
},
{
  "model": "auth.permission",
  "pk": 96,
  "fields": {
    "name": "Can view asset version",
    "content_type": 24,
    "codename": "view_assetversion"
  }
},
{
  "model": "auth.permission",
  "pk": 97,
  "fields": {
    "name": "Can add asset",
    "content_type": 25,
    "codename": "add_asset"
  }
},
{
  "model": "auth.permission",
  "pk": 98,
  "fields": {
    "name": "Can change asset",
    "content_type": 25,
    "codename": "change_asset"
  }
},
{
  "model": "auth.permission",
  "pk": 99,
  "fields": {
    "name": "Can delete asset",
    "content_type": 25,
    "codename": "delete_asset"
  }
},
{
  "model": "auth.permission",
  "pk": 100,
  "fields": {
    "name": "Can view asset",
    "content_type": 25,
    "codename": "view_asset"
  }
},
{
  "model": "auth.permission",
  "pk": 101,
  "fields": {
    "name": "Can discover asset in public lists",
    "content_type": 25,
    "codename": "discover_asset"
  }
},
{
  "model": "auth.permission",
  "pk": 102,
  "fields": {
    "name": "Can manage all aspects of asset",
    "content_type": 25,
    "codename": "manage_asset"
  }
},
{
  "model": "auth.permission",
  "pk": 103,
  "fields": {
    "name": "Can submit data to asset",
    "content_type": 25,
    "codename": "add_submissions"
  }
},
{
  "model": "auth.permission",
  "pk": 104,
  "fields": {
    "name": "Can view submitted data for asset",
    "content_type": 25,
    "codename": "view_submissions"
  }
},
{
  "model": "auth.permission",
  "pk": 105,
  "fields": {
    "name": "Can make partial actions on submitted data for asset for specific users",
    "content_type": 25,
    "codename": "partial_submissions"
  }
},
{
  "model": "auth.permission",
  "pk": 106,
  "fields": {
    "name": "Can modify submitted data for asset",
    "content_type": 25,
    "codename": "change_submissions"
  }
},
{
  "model": "auth.permission",
  "pk": 107,
  "fields": {
    "name": "Can delete submitted data for asset",
    "content_type": 25,
    "codename": "delete_submissions"
  }
},
{
  "model": "auth.permission",
  "pk": 108,
  "fields": {
    "name": "Can validate submitted data asset",
    "content_type": 25,
    "codename": "validate_submissions"
  }
},
{
  "model": "auth.permission",
  "pk": 109,
  "fields": {
    "name": "INTERNAL USE ONLY; DO NOT ASSIGN",
    "content_type": 25,
    "codename": "from_kc_only"
  }
},
{
  "model": "auth.permission",
  "pk": 110,
  "fields": {
    "name": "Can add user asset subscription",
    "content_type": 26,
    "codename": "add_userassetsubscription"
  }
},
{
  "model": "auth.permission",
  "pk": 111,
  "fields": {
    "name": "Can change user asset subscription",
    "content_type": 26,
    "codename": "change_userassetsubscription"
  }
},
{
  "model": "auth.permission",
  "pk": 112,
  "fields": {
    "name": "Can delete user asset subscription",
    "content_type": 26,
    "codename": "delete_userassetsubscription"
  }
},
{
  "model": "auth.permission",
  "pk": 113,
  "fields": {
    "name": "Can view user asset subscription",
    "content_type": 26,
    "codename": "view_userassetsubscription"
  }
},
{
  "model": "auth.permission",
  "pk": 114,
  "fields": {
    "name": "Can add asset export settings",
    "content_type": 27,
    "codename": "add_assetexportsettings"
  }
},
{
  "model": "auth.permission",
  "pk": 115,
  "fields": {
    "name": "Can change asset export settings",
    "content_type": 27,
    "codename": "change_assetexportsettings"
  }
},
{
  "model": "auth.permission",
  "pk": 116,
  "fields": {
    "name": "Can delete asset export settings",
    "content_type": 27,
    "codename": "delete_assetexportsettings"
  }
},
{
  "model": "auth.permission",
  "pk": 117,
  "fields": {
    "name": "Can view asset export settings",
    "content_type": 27,
    "codename": "view_assetexportsettings"
  }
},
{
  "model": "auth.permission",
  "pk": 118,
  "fields": {
    "name": "Can add import task",
    "content_type": 28,
    "codename": "add_importtask"
  }
},
{
  "model": "auth.permission",
  "pk": 119,
  "fields": {
    "name": "Can change import task",
    "content_type": 28,
    "codename": "change_importtask"
  }
},
{
  "model": "auth.permission",
  "pk": 120,
  "fields": {
    "name": "Can delete import task",
    "content_type": 28,
    "codename": "delete_importtask"
  }
},
{
  "model": "auth.permission",
  "pk": 121,
  "fields": {
    "name": "Can view import task",
    "content_type": 28,
    "codename": "view_importtask"
  }
},
{
  "model": "auth.permission",
  "pk": 122,
  "fields": {
    "name": "Can add export task",
    "content_type": 29,
    "codename": "add_exporttask"
  }
},
{
  "model": "auth.permission",
  "pk": 123,
  "fields": {
    "name": "Can change export task",
    "content_type": 29,
    "codename": "change_exporttask"
  }
},
{
  "model": "auth.permission",
  "pk": 124,
  "fields": {
    "name": "Can delete export task",
    "content_type": 29,
    "codename": "delete_exporttask"
  }
},
{
  "model": "auth.permission",
  "pk": 125,
  "fields": {
    "name": "Can view export task",
    "content_type": 29,
    "codename": "view_exporttask"
  }
},
{
  "model": "auth.permission",
  "pk": 126,
  "fields": {
    "name": "Can add tag uid",
    "content_type": 30,
    "codename": "add_taguid"
  }
},
{
  "model": "auth.permission",
  "pk": 127,
  "fields": {
    "name": "Can change tag uid",
    "content_type": 30,
    "codename": "change_taguid"
  }
},
{
  "model": "auth.permission",
  "pk": 128,
  "fields": {
    "name": "Can delete tag uid",
    "content_type": 30,
    "codename": "delete_taguid"
  }
},
{
  "model": "auth.permission",
  "pk": 129,
  "fields": {
    "name": "Can view tag uid",
    "content_type": 30,
    "codename": "view_taguid"
  }
},
{
  "model": "auth.permission",
  "pk": 130,
  "fields": {
    "name": "Can add authorized application",
    "content_type": 31,
    "codename": "add_authorizedapplication"
  }
},
{
  "model": "auth.permission",
  "pk": 131,
  "fields": {
    "name": "Can change authorized application",
    "content_type": 31,
    "codename": "change_authorizedapplication"
  }
},
{
  "model": "auth.permission",
  "pk": 132,
  "fields": {
    "name": "Can delete authorized application",
    "content_type": 31,
    "codename": "delete_authorizedapplication"
  }
},
{
  "model": "auth.permission",
  "pk": 133,
  "fields": {
    "name": "Can view authorized application",
    "content_type": 31,
    "codename": "view_authorizedapplication"
  }
},
{
  "model": "auth.permission",
  "pk": 134,
  "fields": {
    "name": "Can add one time authentication key",
    "content_type": 32,
    "codename": "add_onetimeauthenticationkey"
  }
},
{
  "model": "auth.permission",
  "pk": 135,
  "fields": {
    "name": "Can change one time authentication key",
    "content_type": 32,
    "codename": "change_onetimeauthenticationkey"
  }
},
{
  "model": "auth.permission",
  "pk": 136,
  "fields": {
    "name": "Can delete one time authentication key",
    "content_type": 32,
    "codename": "delete_onetimeauthenticationkey"
  }
},
{
  "model": "auth.permission",
  "pk": 137,
  "fields": {
    "name": "Can view one time authentication key",
    "content_type": 32,
    "codename": "view_onetimeauthenticationkey"
  }
},
{
  "model": "auth.permission",
  "pk": 138,
  "fields": {
    "name": "Can add revision",
    "content_type": 33,
    "codename": "add_revision"
  }
},
{
  "model": "auth.permission",
  "pk": 139,
  "fields": {
    "name": "Can change revision",
    "content_type": 33,
    "codename": "change_revision"
  }
},
{
  "model": "auth.permission",
  "pk": 140,
  "fields": {
    "name": "Can delete revision",
    "content_type": 33,
    "codename": "delete_revision"
  }
},
{
  "model": "auth.permission",
  "pk": 141,
  "fields": {
    "name": "Can view revision",
    "content_type": 33,
    "codename": "view_revision"
  }
},
{
  "model": "auth.permission",
  "pk": 142,
  "fields": {
    "name": "Can add version",
    "content_type": 34,
    "codename": "add_version"
  }
},
{
  "model": "auth.permission",
  "pk": 143,
  "fields": {
    "name": "Can change version",
    "content_type": 34,
    "codename": "change_version"
  }
},
{
  "model": "auth.permission",
  "pk": 144,
  "fields": {
    "name": "Can delete version",
    "content_type": 34,
    "codename": "delete_version"
  }
},
{
  "model": "auth.permission",
  "pk": 145,
  "fields": {
    "name": "Can view version",
    "content_type": 34,
    "codename": "view_version"
  }
},
{
  "model": "auth.permission",
  "pk": 146,
  "fields": {
    "name": "Can add kobocat content type",
    "content_type": 35,
    "codename": "add_kobocatcontenttype"
  }
},
{
  "model": "auth.permission",
  "pk": 147,
  "fields": {
    "name": "Can change kobocat content type",
    "content_type": 35,
    "codename": "change_kobocatcontenttype"
  }
},
{
  "model": "auth.permission",
  "pk": 148,
  "fields": {
    "name": "Can delete kobocat content type",
    "content_type": 35,
    "codename": "delete_kobocatcontenttype"
  }
},
{
  "model": "auth.permission",
  "pk": 149,
  "fields": {
    "name": "Can view kobocat content type",
    "content_type": 35,
    "codename": "view_kobocatcontenttype"
  }
},
{
  "model": "auth.permission",
  "pk": 150,
  "fields": {
    "name": "Can add kobocat digest partial",
    "content_type": 36,
    "codename": "add_kobocatdigestpartial"
  }
},
{
  "model": "auth.permission",
  "pk": 151,
  "fields": {
    "name": "Can change kobocat digest partial",
    "content_type": 36,
    "codename": "change_kobocatdigestpartial"
  }
},
{
  "model": "auth.permission",
  "pk": 152,
  "fields": {
    "name": "Can delete kobocat digest partial",
    "content_type": 36,
    "codename": "delete_kobocatdigestpartial"
  }
},
{
  "model": "auth.permission",
  "pk": 153,
  "fields": {
    "name": "Can view kobocat digest partial",
    "content_type": 36,
    "codename": "view_kobocatdigestpartial"
  }
},
{
  "model": "auth.permission",
  "pk": 154,
  "fields": {
    "name": "Can add kobocat one time auth token",
    "content_type": 37,
    "codename": "add_kobocatonetimeauthtoken"
  }
},
{
  "model": "auth.permission",
  "pk": 155,
  "fields": {
    "name": "Can change kobocat one time auth token",
    "content_type": 37,
    "codename": "change_kobocatonetimeauthtoken"
  }
},
{
  "model": "auth.permission",
  "pk": 156,
  "fields": {
    "name": "Can delete kobocat one time auth token",
    "content_type": 37,
    "codename": "delete_kobocatonetimeauthtoken"
  }
},
{
  "model": "auth.permission",
  "pk": 157,
  "fields": {
    "name": "Can view kobocat one time auth token",
    "content_type": 37,
    "codename": "view_kobocatonetimeauthtoken"
  }
},
{
  "model": "auth.permission",
  "pk": 158,
  "fields": {
    "name": "Can add kobocat permission",
    "content_type": 38,
    "codename": "add_kobocatpermission"
  }
},
{
  "model": "auth.permission",
  "pk": 159,
  "fields": {
    "name": "Can change kobocat permission",
    "content_type": 38,
    "codename": "change_kobocatpermission"
  }
},
{
  "model": "auth.permission",
  "pk": 160,
  "fields": {
    "name": "Can delete kobocat permission",
    "content_type": 38,
    "codename": "delete_kobocatpermission"
  }
},
{
  "model": "auth.permission",
  "pk": 161,
  "fields": {
    "name": "Can view kobocat permission",
    "content_type": 38,
    "codename": "view_kobocatpermission"
  }
},
{
  "model": "auth.permission",
  "pk": 162,
  "fields": {
    "name": "Can add kobocat user",
    "content_type": 39,
    "codename": "add_kobocatuser"
  }
},
{
  "model": "auth.permission",
  "pk": 163,
  "fields": {
    "name": "Can change kobocat user",
    "content_type": 39,
    "codename": "change_kobocatuser"
  }
},
{
  "model": "auth.permission",
  "pk": 164,
  "fields": {
    "name": "Can delete kobocat user",
    "content_type": 39,
    "codename": "delete_kobocatuser"
  }
},
{
  "model": "auth.permission",
  "pk": 165,
  "fields": {
    "name": "Can view kobocat user",
    "content_type": 39,
    "codename": "view_kobocatuser"
  }
},
{
  "model": "auth.permission",
  "pk": 166,
  "fields": {
    "name": "Can add kobocat user object permission",
    "content_type": 40,
    "codename": "add_kobocatuserobjectpermission"
  }
},
{
  "model": "auth.permission",
  "pk": 167,
  "fields": {
    "name": "Can change kobocat user object permission",
    "content_type": 40,
    "codename": "change_kobocatuserobjectpermission"
  }
},
{
  "model": "auth.permission",
  "pk": 168,
  "fields": {
    "name": "Can delete kobocat user object permission",
    "content_type": 40,
    "codename": "delete_kobocatuserobjectpermission"
  }
},
{
  "model": "auth.permission",
  "pk": 169,
  "fields": {
    "name": "Can view kobocat user object permission",
    "content_type": 40,
    "codename": "view_kobocatuserobjectpermission"
  }
},
{
  "model": "auth.permission",
  "pk": 170,
  "fields": {
    "name": "Can add kobocat user permission",
    "content_type": 41,
    "codename": "add_kobocatuserpermission"
  }
},
{
  "model": "auth.permission",
  "pk": 171,
  "fields": {
    "name": "Can change kobocat user permission",
    "content_type": 41,
    "codename": "change_kobocatuserpermission"
  }
},
{
  "model": "auth.permission",
  "pk": 172,
  "fields": {
    "name": "Can delete kobocat user permission",
    "content_type": 41,
    "codename": "delete_kobocatuserpermission"
  }
},
{
  "model": "auth.permission",
  "pk": 173,
  "fields": {
    "name": "Can view kobocat user permission",
    "content_type": 41,
    "codename": "view_kobocatuserpermission"
  }
},
{
  "model": "auth.permission",
  "pk": 174,
  "fields": {
    "name": "Can add user profile",
    "content_type": 42,
    "codename": "add_kobocatuserprofile"
  }
},
{
  "model": "auth.permission",
  "pk": 175,
  "fields": {
    "name": "Can change user profile",
    "content_type": 42,
    "codename": "change_kobocatuserprofile"
  }
},
{
  "model": "auth.permission",
  "pk": 176,
  "fields": {
    "name": "Can delete user profile",
    "content_type": 42,
    "codename": "delete_kobocatuserprofile"
  }
},
{
  "model": "auth.permission",
  "pk": 177,
  "fields": {
    "name": "Can view user profile",
    "content_type": 42,
    "codename": "view_kobocatuserprofile"
  }
},
{
  "model": "auth.permission",
  "pk": 178,
  "fields": {
    "name": "Can add kobocat token",
    "content_type": 43,
    "codename": "add_kobocattoken"
  }
},
{
  "model": "auth.permission",
  "pk": 179,
  "fields": {
    "name": "Can change kobocat token",
    "content_type": 43,
    "codename": "change_kobocattoken"
  }
},
{
  "model": "auth.permission",
  "pk": 180,
  "fields": {
    "name": "Can delete kobocat token",
    "content_type": 43,
    "codename": "delete_kobocattoken"
  }
},
{
  "model": "auth.permission",
  "pk": 181,
  "fields": {
    "name": "Can view kobocat token",
    "content_type": 43,
    "codename": "view_kobocattoken"
  }
},
{
  "model": "auth.permission",
  "pk": 182,
  "fields": {
    "name": "Can add xform",
    "content_type": 44,
    "codename": "add_kobocatxform"
  }
},
{
  "model": "auth.permission",
  "pk": 183,
  "fields": {
    "name": "Can change xform",
    "content_type": 44,
    "codename": "change_kobocatxform"
  }
},
{
  "model": "auth.permission",
  "pk": 184,
  "fields": {
    "name": "Can delete xform",
    "content_type": 44,
    "codename": "delete_kobocatxform"
  }
},
{
  "model": "auth.permission",
  "pk": 185,
  "fields": {
    "name": "Can view xform",
    "content_type": 44,
    "codename": "view_kobocatxform"
  }
},
{
  "model": "auth.permission",
  "pk": 186,
  "fields": {
    "name": "Can add kobocat submission counter",
    "content_type": 45,
    "codename": "add_kobocatsubmissioncounter"
  }
},
{
  "model": "auth.permission",
  "pk": 187,
  "fields": {
    "name": "Can change kobocat submission counter",
    "content_type": 45,
    "codename": "change_kobocatsubmissioncounter"
  }
},
{
  "model": "auth.permission",
  "pk": 188,
  "fields": {
    "name": "Can delete kobocat submission counter",
    "content_type": 45,
    "codename": "delete_kobocatsubmissioncounter"
  }
},
{
  "model": "auth.permission",
  "pk": 189,
  "fields": {
    "name": "Can view kobocat submission counter",
    "content_type": 45,
    "codename": "view_kobocatsubmissioncounter"
  }
},
{
  "model": "auth.permission",
  "pk": 190,
  "fields": {
    "name": "Can add Submissions by Country",
    "content_type": 46,
    "codename": "add_readonlykobocatinstance"
  }
},
{
  "model": "auth.permission",
  "pk": 191,
  "fields": {
    "name": "Can change Submissions by Country",
    "content_type": 46,
    "codename": "change_readonlykobocatinstance"
  }
},
{
  "model": "auth.permission",
  "pk": 192,
  "fields": {
    "name": "Can delete Submissions by Country",
    "content_type": 46,
    "codename": "delete_readonlykobocatinstance"
  }
},
{
  "model": "auth.permission",
  "pk": 193,
  "fields": {
    "name": "Can view Submissions by Country",
    "content_type": 46,
    "codename": "view_readonlykobocatinstance"
  }
},
{
  "model": "auth.permission",
  "pk": 194,
  "fields": {
    "name": "Can add Tag",
    "content_type": 47,
    "codename": "add_tag"
  }
},
{
  "model": "auth.permission",
  "pk": 195,
  "fields": {
    "name": "Can change Tag",
    "content_type": 47,
    "codename": "change_tag"
  }
},
{
  "model": "auth.permission",
  "pk": 196,
  "fields": {
    "name": "Can delete Tag",
    "content_type": 47,
    "codename": "delete_tag"
  }
},
{
  "model": "auth.permission",
  "pk": 197,
  "fields": {
    "name": "Can view Tag",
    "content_type": 47,
    "codename": "view_tag"
  }
},
{
  "model": "auth.permission",
  "pk": 198,
  "fields": {
    "name": "Can add Tagged Item",
    "content_type": 48,
    "codename": "add_taggeditem"
  }
},
{
  "model": "auth.permission",
  "pk": 199,
  "fields": {
    "name": "Can change Tagged Item",
    "content_type": 48,
    "codename": "change_taggeditem"
  }
},
{
  "model": "auth.permission",
  "pk": 200,
  "fields": {
    "name": "Can delete Tagged Item",
    "content_type": 48,
    "codename": "delete_taggeditem"
  }
},
{
  "model": "auth.permission",
  "pk": 201,
  "fields": {
    "name": "Can view Tagged Item",
    "content_type": 48,
    "codename": "view_taggeditem"
  }
},
{
  "model": "auth.permission",
  "pk": 202,
  "fields": {
    "name": "Can add hook",
    "content_type": 49,
    "codename": "add_hook"
  }
},
{
  "model": "auth.permission",
  "pk": 203,
  "fields": {
    "name": "Can change hook",
    "content_type": 49,
    "codename": "change_hook"
  }
},
{
  "model": "auth.permission",
  "pk": 204,
  "fields": {
    "name": "Can delete hook",
    "content_type": 49,
    "codename": "delete_hook"
  }
},
{
  "model": "auth.permission",
  "pk": 205,
  "fields": {
    "name": "Can view hook",
    "content_type": 49,
    "codename": "view_hook"
  }
},
{
  "model": "auth.permission",
  "pk": 206,
  "fields": {
    "name": "Can add hook log",
    "content_type": 50,
    "codename": "add_hooklog"
  }
},
{
  "model": "auth.permission",
  "pk": 207,
  "fields": {
    "name": "Can change hook log",
    "content_type": 50,
    "codename": "change_hooklog"
  }
},
{
  "model": "auth.permission",
  "pk": 208,
  "fields": {
    "name": "Can delete hook log",
    "content_type": 50,
    "codename": "delete_hooklog"
  }
},
{
  "model": "auth.permission",
  "pk": 209,
  "fields": {
    "name": "Can view hook log",
    "content_type": 50,
    "codename": "view_hooklog"
  }
},
{
  "model": "auth.permission",
  "pk": 210,
  "fields": {
    "name": "Can add sitewide message",
    "content_type": 51,
    "codename": "add_sitewidemessage"
  }
},
{
  "model": "auth.permission",
  "pk": 211,
  "fields": {
    "name": "Can change sitewide message",
    "content_type": 51,
    "codename": "change_sitewidemessage"
  }
},
{
  "model": "auth.permission",
  "pk": 212,
  "fields": {
    "name": "Can delete sitewide message",
    "content_type": 51,
    "codename": "delete_sitewidemessage"
  }
},
{
  "model": "auth.permission",
  "pk": 213,
  "fields": {
    "name": "Can view sitewide message",
    "content_type": 51,
    "codename": "view_sitewidemessage"
  }
},
{
  "model": "auth.permission",
  "pk": 214,
  "fields": {
    "name": "Can add extra user detail",
    "content_type": 52,
    "codename": "add_extrauserdetail"
  }
},
{
  "model": "auth.permission",
  "pk": 215,
  "fields": {
    "name": "Can change extra user detail",
    "content_type": 52,
    "codename": "change_extrauserdetail"
  }
},
{
  "model": "auth.permission",
  "pk": 216,
  "fields": {
    "name": "Can delete extra user detail",
    "content_type": 52,
    "codename": "delete_extrauserdetail"
  }
},
{
  "model": "auth.permission",
  "pk": 217,
  "fields": {
    "name": "Can view extra user detail",
    "content_type": 52,
    "codename": "view_extrauserdetail"
  }
},
{
  "model": "auth.permission",
  "pk": 218,
  "fields": {
    "name": "Can add configuration file",
    "content_type": 53,
    "codename": "add_configurationfile"
  }
},
{
  "model": "auth.permission",
  "pk": 219,
  "fields": {
    "name": "Can change configuration file",
    "content_type": 53,
    "codename": "change_configurationfile"
  }
},
{
  "model": "auth.permission",
  "pk": 220,
  "fields": {
    "name": "Can delete configuration file",
    "content_type": 53,
    "codename": "delete_configurationfile"
  }
},
{
  "model": "auth.permission",
  "pk": 221,
  "fields": {
    "name": "Can view configuration file",
    "content_type": 53,
    "codename": "view_configurationfile"
  }
},
{
  "model": "auth.permission",
  "pk": 222,
  "fields": {
    "name": "Can add per user setting",
    "content_type": 54,
    "codename": "add_perusersetting"
  }
},
{
  "model": "auth.permission",
  "pk": 223,
  "fields": {
    "name": "Can change per user setting",
    "content_type": 54,
    "codename": "change_perusersetting"
  }
},
{
  "model": "auth.permission",
  "pk": 224,
  "fields": {
    "name": "Can delete per user setting",
    "content_type": 54,
    "codename": "delete_perusersetting"
  }
},
{
  "model": "auth.permission",
  "pk": 225,
  "fields": {
    "name": "Can view per user setting",
    "content_type": 54,
    "codename": "view_perusersetting"
  }
},
{
  "model": "auth.permission",
  "pk": 226,
  "fields": {
    "name": "Can add collection",
    "content_type": 55,
    "codename": "add_collection"
  }
},
{
  "model": "auth.permission",
  "pk": 227,
  "fields": {
    "name": "Can change collection",
    "content_type": 55,
    "codename": "change_collection"
  }
},
{
  "model": "auth.permission",
  "pk": 228,
  "fields": {
    "name": "Can delete collection",
    "content_type": 55,
    "codename": "delete_collection"
  }
},
{
  "model": "auth.permission",
  "pk": 229,
  "fields": {
    "name": "Can view collection",
    "content_type": 55,
    "codename": "view_collection"
  }
},
{
  "model": "auth.permission",
  "pk": 230,
  "fields": {
    "name": "Can add user collection subscription",
    "content_type": 56,
    "codename": "add_usercollectionsubscription"
  }
},
{
  "model": "auth.permission",
  "pk": 231,
  "fields": {
    "name": "Can change user collection subscription",
    "content_type": 56,
    "codename": "change_usercollectionsubscription"
  }
},
{
  "model": "auth.permission",
  "pk": 232,
  "fields": {
    "name": "Can delete user collection subscription",
    "content_type": 56,
    "codename": "delete_usercollectionsubscription"
  }
},
{
  "model": "auth.permission",
  "pk": 233,
  "fields": {
    "name": "Can view user collection subscription",
    "content_type": 56,
    "codename": "view_usercollectionsubscription"
  }
},
{
  "model": "auth.permission",
  "pk": 234,
  "fields": {
    "name": "Can change config",
    "content_type": 57,
    "codename": "change_config"
  }
},
{
  "model": "auth.permission",
  "pk": 235,
  "fields": {
    "name": "Can add session",
    "content_type": 58,
    "codename": "add_session"
  }
},
{
  "model": "auth.permission",
  "pk": 236,
  "fields": {
    "name": "Can change session",
    "content_type": 58,
    "codename": "change_session"
  }
},
{
  "model": "auth.permission",
  "pk": 237,
  "fields": {
    "name": "Can delete session",
    "content_type": 58,
    "codename": "delete_session"
  }
},
{
  "model": "auth.permission",
  "pk": 238,
  "fields": {
    "name": "Can view session",
    "content_type": 58,
    "codename": "view_session"
  }
},
{
  "model": "auth.permission",
  "pk": 239,
  "fields": {
    "name": "Can add registration profile",
    "content_type": 59,
    "codename": "add_registrationprofile"
  }
},
{
  "model": "auth.permission",
  "pk": 240,
  "fields": {
    "name": "Can change registration profile",
    "content_type": 59,
    "codename": "change_registrationprofile"
  }
},
{
  "model": "auth.permission",
  "pk": 241,
  "fields": {
    "name": "Can delete registration profile",
    "content_type": 59,
    "codename": "delete_registrationprofile"
  }
},
{
  "model": "auth.permission",
  "pk": 242,
  "fields": {
    "name": "Can view registration profile",
    "content_type": 59,
    "codename": "view_registrationprofile"
  }
},
{
  "model": "auth.permission",
  "pk": 243,
  "fields": {
    "name": "Can add supervised registration profile",
    "content_type": 60,
    "codename": "add_supervisedregistrationprofile"
  }
},
{
  "model": "auth.permission",
  "pk": 244,
  "fields": {
    "name": "Can change supervised registration profile",
    "content_type": 60,
    "codename": "change_supervisedregistrationprofile"
  }
},
{
  "model": "auth.permission",
  "pk": 245,
  "fields": {
    "name": "Can delete supervised registration profile",
    "content_type": 60,
    "codename": "delete_supervisedregistrationprofile"
  }
},
{
  "model": "auth.permission",
  "pk": 246,
  "fields": {
    "name": "Can view supervised registration profile",
    "content_type": 60,
    "codename": "view_supervisedregistrationprofile"
  }
},
{
  "model": "auth.permission",
  "pk": 247,
  "fields": {
    "name": "Can add application",
    "content_type": 61,
    "codename": "add_application"
  }
},
{
  "model": "auth.permission",
  "pk": 248,
  "fields": {
    "name": "Can change application",
    "content_type": 61,
    "codename": "change_application"
  }
},
{
  "model": "auth.permission",
  "pk": 249,
  "fields": {
    "name": "Can delete application",
    "content_type": 61,
    "codename": "delete_application"
  }
},
{
  "model": "auth.permission",
  "pk": 250,
  "fields": {
    "name": "Can view application",
    "content_type": 61,
    "codename": "view_application"
  }
},
{
  "model": "auth.permission",
  "pk": 251,
  "fields": {
    "name": "Can add access token",
    "content_type": 62,
    "codename": "add_accesstoken"
  }
},
{
  "model": "auth.permission",
  "pk": 252,
  "fields": {
    "name": "Can change access token",
    "content_type": 62,
    "codename": "change_accesstoken"
  }
},
{
  "model": "auth.permission",
  "pk": 253,
  "fields": {
    "name": "Can delete access token",
    "content_type": 62,
    "codename": "delete_accesstoken"
  }
},
{
  "model": "auth.permission",
  "pk": 254,
  "fields": {
    "name": "Can view access token",
    "content_type": 62,
    "codename": "view_accesstoken"
  }
},
{
  "model": "auth.permission",
  "pk": 255,
  "fields": {
    "name": "Can add grant",
    "content_type": 63,
    "codename": "add_grant"
  }
},
{
  "model": "auth.permission",
  "pk": 256,
  "fields": {
    "name": "Can change grant",
    "content_type": 63,
    "codename": "change_grant"
  }
},
{
  "model": "auth.permission",
  "pk": 257,
  "fields": {
    "name": "Can delete grant",
    "content_type": 63,
    "codename": "delete_grant"
  }
},
{
  "model": "auth.permission",
  "pk": 258,
  "fields": {
    "name": "Can view grant",
    "content_type": 63,
    "codename": "view_grant"
  }
},
{
  "model": "auth.permission",
  "pk": 259,
  "fields": {
    "name": "Can add refresh token",
    "content_type": 64,
    "codename": "add_refreshtoken"
  }
},
{
  "model": "auth.permission",
  "pk": 260,
  "fields": {
    "name": "Can change refresh token",
    "content_type": 64,
    "codename": "change_refreshtoken"
  }
},
{
  "model": "auth.permission",
  "pk": 261,
  "fields": {
    "name": "Can delete refresh token",
    "content_type": 64,
    "codename": "delete_refreshtoken"
  }
},
{
  "model": "auth.permission",
  "pk": 262,
  "fields": {
    "name": "Can view refresh token",
    "content_type": 64,
    "codename": "view_refreshtoken"
  }
},
{
  "model": "auth.user",
  "pk": -1,
  "fields": {
    "password": "",
    "last_login": null,
    "is_superuser": false,
    "username": "AnonymousUser",
    "first_name": "",
    "last_name": "",
    "email": "",
    "is_staff": false,
    "is_active": true,
    "date_joined": "2021-12-13T17:08:13.727Z",
    "groups": [],
    "user_permissions": [
      101,
      100,
      104
    ]
  }
},
{
  "model": "auth.user",
  "pk": 1,
  "fields": {
    "password": "pbkdf2_sha256$150000$mcz8dorHDbct$5PsS1ls741/u6A0XgZkhS9ddY0QlD48sLDxro/F6VO0=",
    "last_login": "2021-12-30T23:08:20.628Z",
    "is_superuser": true,
    "username": "super_admin",
    "first_name": "",
    "last_name": "",
    "email": "kobo@example.com",
    "is_staff": true,
    "is_active": true,
    "date_joined": "2021-12-13T17:05:53.296Z",
    "groups": [],
    "user_permissions": [
      97,
      103,
      98,
      106,
      99,
      107,
      101,
      109,
      102,
      105,
      108,
      100,
      104
    ]
  }
},
{
  "model": "auth.user",
  "pk": 2,
  "fields": {
    "password": "pbkdf2_sha256$150000$86RkS50UYFeD$bNfZlPDU5+FIoomYzQbR7vNw+bV+3vrkb69tfh3LRPA=",
    "last_login": "2021-12-30T23:13:49.037Z",
    "is_superuser": true,
    "username": "ben",
    "first_name": "",
    "last_name": "",
    "email": "kobo@example.com",
    "is_staff": true,
    "is_active": true,
    "date_joined": "2021-12-13T17:53:42.270Z",
    "groups": [],
    "user_permissions": [
      97,
      103,
      98,
      106,
      99,
      107,
      101,
      109,
      102,
      105,
      108,
      100,
      104
    ]
  }
},
{
  "model": "auth.user",
  "pk": 3,
  "fields": {
    "password": "pbkdf2_sha256$150000$qefMTVfdIfqV$r3KELdIy7ioYHqshui0/BoMv074vn7Uu+GF/MCFfsK0=",
    "last_login": null,
    "is_superuser": false,
    "username": "new_form",
    "first_name": "",
    "last_name": "",
    "email": "wetbadger49@gmail.com",
    "is_staff": false,
    "is_active": false,
    "date_joined": "2021-12-29T16:01:17.840Z",
    "groups": [],
    "user_permissions": [
      97,
      103,
      98,
      106,
      99,
      107,
      101,
      109,
      102,
      105,
      108,
      100,
      104
    ]
  }
},
{
  "model": "auth.user",
  "pk": 4,
  "fields": {
    "password": "pbkdf2_sha256$150000$zT4oy9xv6MIH$mJt0AKTMsSICOOkzueSbwsc+nrtnVZLCphxD46Ur8gQ=",
    "last_login": null,
    "is_superuser": false,
    "username": "new_form2",
    "first_name": "",
    "last_name": "",
    "email": "wetbadger49@gmail.com",
    "is_staff": false,
    "is_active": false,
    "date_joined": "2021-12-29T20:38:12.095Z",
    "groups": [],
    "user_permissions": [
      97,
      103,
      98,
      106,
      99,
      107,
      101,
      109,
      102,
      105,
      108,
      100,
      104
    ]
  }
},
{
  "model": "auth.user",
  "pk": 5,
  "fields": {
    "password": "pbkdf2_sha256$150000$WcLRvk4kc5zG$zX8UIidSLjTznXP+zP73ZWZwVFwe1tMVgVAVses/Ic8=",
    "last_login": null,
    "is_superuser": false,
    "username": "new_form3",
    "first_name": "",
    "last_name": "",
    "email": "wetbadger49@gmail.com",
    "is_staff": false,
    "is_active": false,
    "date_joined": "2021-12-29T21:04:18.010Z",
    "groups": [],
    "user_permissions": [
      97,
      103,
      98,
      106,
      99,
      107,
      101,
      109,
      102,
      105,
      108,
      100,
      104
    ]
  }
},
{
  "model": "auth.user",
  "pk": 6,
  "fields": {
    "password": "pbkdf2_sha256$150000$fXlTgewiO349$CkdhqnHANFc1Qfllr2TpiofSlG1i00t+uZKwlnZOkQ4=",
    "last_login": null,
    "is_superuser": false,
    "username": "new_form4",
    "first_name": "",
    "last_name": "",
    "email": "wetbadger49@gmail.com",
    "is_staff": false,
    "is_active": false,
    "date_joined": "2021-12-29T21:21:18.096Z",
    "groups": [],
    "user_permissions": [
      97,
      103,
      98,
      106,
      99,
      107,
      101,
      109,
      102,
      105,
      108,
      100,
      104
    ]
  }
},
{
  "model": "auth.user",
  "pk": 7,
  "fields": {
    "password": "pbkdf2_sha256$150000$y1vVG5AOOQde$ieBj/ILfYfrWTNDBoNtKvCHLvr0EDbJaJK9t0ObWhyQ=",
    "last_login": null,
    "is_superuser": false,
    "username": "new_form5",
    "first_name": "",
    "last_name": "",
    "email": "wetbadger49@gmail.com",
    "is_staff": false,
    "is_active": false,
    "date_joined": "2021-12-29T21:24:31.622Z",
    "groups": [],
    "user_permissions": [
      97,
      103,
      98,
      106,
      99,
      107,
      101,
      109,
      102,
      105,
      108,
      100,
      104
    ]
  }
},
{
  "model": "auth.user",
  "pk": 8,
  "fields": {
    "password": "pbkdf2_sha256$150000$lVE2EUqBBG3Q$loRKVSAIw0ej5Y7fclLfLRSDRckOrl7rGnjWnClGMDc=",
    "last_login": null,
    "is_superuser": false,
    "username": "new_form6",
    "first_name": "",
    "last_name": "",
    "email": "wetbadger49@gmail.com",
    "is_staff": false,
    "is_active": false,
    "date_joined": "2021-12-29T22:20:15.324Z",
    "groups": [],
    "user_permissions": [
      97,
      103,
      98,
      106,
      99,
      107,
      101,
      109,
      102,
      105,
      108,
      100,
      104
    ]
  }
},
{
  "model": "auth.user",
  "pk": 9,
  "fields": {
    "password": "pbkdf2_sha256$150000$gSe4CVekBdou$ZWWiz7oXoZ/n4rEGHloiOsdVXAMk894C25E9IdUFfvg=",
    "last_login": null,
    "is_superuser": false,
    "username": "new_form7",
    "first_name": "",
    "last_name": "",
    "email": "wetbadger49@gmail.com",
    "is_staff": false,
    "is_active": false,
    "date_joined": "2021-12-29T22:21:21.466Z",
    "groups": [],
    "user_permissions": [
      97,
      103,
      98,
      106,
      99,
      107,
      101,
      109,
      102,
      105,
      108,
      100,
      104
    ]
  }
},
{
  "model": "auth.user",
  "pk": 10,
  "fields": {
    "password": "pbkdf2_sha256$150000$QpWtMYtACTAb$yza6YaTWbPLPmKQVDiog5NcDNWZydDsGNnP6TtgOWHc=",
    "last_login": null,
    "is_superuser": false,
    "username": "new_form8",
    "first_name": "",
    "last_name": "",
    "email": "wetbadger49@gmail.com",
    "is_staff": false,
    "is_active": false,
    "date_joined": "2021-12-29T22:31:30.970Z",
    "groups": [],
    "user_permissions": [
      97,
      103,
      98,
      106,
      99,
      107,
      101,
      109,
      102,
      105,
      108,
      100,
      104
    ]
  }
},
{
  "model": "auth.user",
  "pk": 11,
  "fields": {
    "password": "pbkdf2_sha256$150000$pP56AidZC0zp$HPBxZdWQ1k3QpI+3hSUZ5hpIb/DhLXTozsseo+cYJoM=",
    "last_login": "2022-01-06T18:46:27.417Z",
    "is_superuser": false,
    "username": "form_creation",
    "first_name": "",
    "last_name": "",
    "email": "",
    "is_staff": false,
    "is_active": true,
    "date_joined": "2021-12-30T22:59:26.243Z",
    "groups": [],
    "user_permissions": [
      97,
      103,
      98,
      106,
      99,
      107,
      101,
      109,
      102,
      105,
      108,
      100,
      104
    ]
  }
},
{
  "model": "auth.user",
  "pk": 12,
  "fields": {
    "password": "pbkdf2_sha256$150000$5ksHWLPPuYe5$mRPkL2RCogUDR/8NBqd5WgkmE/cIJMrX2hrRXGqbQLQ=",
    "last_login": null,
    "is_superuser": false,
    "username": "delete_me",
    "first_name": "",
    "last_name": "",
    "email": "",
    "is_staff": false,
    "is_active": true,
    "date_joined": "2021-12-30T23:08:37.047Z",
    "groups": [],
    "user_permissions": [
      97,
      103,
      98,
      106,
      99,
      107,
      101,
      109,
      102,
      105,
      108,
      100,
      104
    ]
  }
},
{
  "model": "kpi.objectpermission",
  "pk": 49,
  "fields": {
    "user": 1,
    "permission": 103,
    "deny": false,
    "inherited": true,
    "asset": 2,
    "uid": "pvPHnRZpd84JyPWWgYDyeW"
  }
},
{
  "model": "kpi.objectpermission",
  "pk": 50,
  "fields": {
    "user": 1,
    "permission": 98,
    "deny": false,
    "inherited": true,
    "asset": 2,
    "uid": "pKD6Uq5YVQ3PgReGdtRacb"
  }
},
{
  "model": "kpi.objectpermission",
  "pk": 51,
  "fields": {
    "user": 1,
    "permission": 106,
    "deny": false,
    "inherited": true,
    "asset": 2,
    "uid": "pDi7KNqW7Un2kWYezFSo2n"
  }
},
{
  "model": "kpi.objectpermission",
  "pk": 52,
  "fields": {
    "user": 1,
    "permission": 107,
    "deny": false,
    "inherited": true,
    "asset": 2,
    "uid": "pMDE2tRCEo85oDchh3Xf6W"
  }
},
{
  "model": "kpi.objectpermission",
  "pk": 53,
  "fields": {
    "user": 1,
    "permission": 102,
    "deny": false,
    "inherited": true,
    "asset": 2,
    "uid": "p9kkJXQeiYgLY5x9EEXqfN"
  }
},
{
  "model": "kpi.objectpermission",
  "pk": 54,
  "fields": {
    "user": 1,
    "permission": 108,
    "deny": false,
    "inherited": true,
    "asset": 2,
    "uid": "pSSqCezxZ7b7SkmPTZk4gX"
  }
},
{
  "model": "kpi.objectpermission",
  "pk": 55,
  "fields": {
    "user": 1,
    "permission": 100,
    "deny": false,
    "inherited": true,
    "asset": 2,
    "uid": "p7VatV9PJ3LFyZutVwGW6Q"
  }
},
{
  "model": "kpi.objectpermission",
  "pk": 56,
  "fields": {
    "user": 1,
    "permission": 104,
    "deny": false,
    "inherited": true,
    "asset": 2,
    "uid": "p6dcdGbw4crdf9okW5vjKi"
  }
},
{
  "model": "kpi.objectpermission",
  "pk": 57,
  "fields": {
    "user": 11,
    "permission": 103,
    "deny": false,
    "inherited": true,
    "asset": 3,
    "uid": "ppdDe6ZutuRVDNqLCxASJM"
  }
},
{
  "model": "kpi.objectpermission",
  "pk": 58,
  "fields": {
    "user": 11,
    "permission": 98,
    "deny": false,
    "inherited": true,
    "asset": 3,
    "uid": "pwsU7y8sY9AUBKGyWBqPQT"
  }
},
{
  "model": "kpi.objectpermission",
  "pk": 59,
  "fields": {
    "user": 11,
    "permission": 106,
    "deny": false,
    "inherited": true,
    "asset": 3,
    "uid": "pW7wbcPXrFYNtFTcqanURJ"
  }
},
{
  "model": "kpi.objectpermission",
  "pk": 60,
  "fields": {
    "user": 11,
    "permission": 107,
    "deny": false,
    "inherited": true,
    "asset": 3,
    "uid": "pRczB4qsuk29QWrgBQrdi7"
  }
},
{
  "model": "kpi.objectpermission",
  "pk": 61,
  "fields": {
    "user": 11,
    "permission": 102,
    "deny": false,
    "inherited": true,
    "asset": 3,
    "uid": "pWSCW9TwBVpNRRhKjhCf4m"
  }
},
{
  "model": "kpi.objectpermission",
  "pk": 62,
  "fields": {
    "user": 11,
    "permission": 108,
    "deny": false,
    "inherited": true,
    "asset": 3,
    "uid": "p6HsEgLwBNnEaJDNpuWQkj"
  }
},
{
  "model": "kpi.objectpermission",
  "pk": 63,
  "fields": {
    "user": 11,
    "permission": 100,
    "deny": false,
    "inherited": true,
    "asset": 3,
    "uid": "peMZDWdLGxshuxZ5ipdvkF"
  }
},
{
  "model": "kpi.objectpermission",
  "pk": 64,
  "fields": {
    "user": 11,
    "permission": 104,
    "deny": false,
    "inherited": true,
    "asset": 3,
    "uid": "pbrHdYkL9zumTfN5M8cDW3"
  }
},
{
  "model": "kpi.objectpermission",
  "pk": 65,
  "fields": {
    "user": 11,
    "permission": 103,
    "deny": false,
    "inherited": true,
    "asset": 4,
    "uid": "pQhuJboRHbt8uqxsmuSVJJ"
  }
},
{
  "model": "kpi.objectpermission",
  "pk": 66,
  "fields": {
    "user": 11,
    "permission": 98,
    "deny": false,
    "inherited": true,
    "asset": 4,
    "uid": "pLwKwc7LRGTEuuhdtqBwLv"
  }
},
{
  "model": "kpi.objectpermission",
  "pk": 67,
  "fields": {
    "user": 11,
    "permission": 106,
    "deny": false,
    "inherited": true,
    "asset": 4,
    "uid": "pnLsbJEjxom4SqLP3cxMkN"
  }
},
{
  "model": "kpi.objectpermission",
  "pk": 68,
  "fields": {
    "user": 11,
    "permission": 107,
    "deny": false,
    "inherited": true,
    "asset": 4,
    "uid": "p2ttU3bSEQTxyQdDU5XhU3"
  }
},
{
  "model": "kpi.objectpermission",
  "pk": 69,
  "fields": {
    "user": 11,
    "permission": 102,
    "deny": false,
    "inherited": true,
    "asset": 4,
    "uid": "pCp2tp7XucrQLzUj3SVswS"
  }
},
{
  "model": "kpi.objectpermission",
  "pk": 70,
  "fields": {
    "user": 11,
    "permission": 108,
    "deny": false,
    "inherited": true,
    "asset": 4,
    "uid": "pJmFZKuEkeR47G8cCkHB8J"
  }
},
{
  "model": "kpi.objectpermission",
  "pk": 71,
  "fields": {
    "user": 11,
    "permission": 100,
    "deny": false,
    "inherited": true,
    "asset": 4,
    "uid": "pbkBoHvbEZiFXfCnYtpJSr"
  }
},
{
  "model": "kpi.objectpermission",
  "pk": 72,
  "fields": {
    "user": 11,
    "permission": 104,
    "deny": false,
    "inherited": true,
    "asset": 4,
    "uid": "pCWXkfpNLK5FANgt7ctqRp"
  }
},
{
  "model": "kpi.objectpermission",
  "pk": 73,
  "fields": {
    "user": 11,
    "permission": 103,
    "deny": false,
    "inherited": true,
    "asset": 5,
    "uid": "pFXzcNaHK4DhYwMXfrLuv8"
  }
},
{
  "model": "kpi.objectpermission",
  "pk": 74,
  "fields": {
    "user": 11,
    "permission": 98,
    "deny": false,
    "inherited": true,
    "asset": 5,
    "uid": "p6w7tuCU4X5gpXMTGC92hM"
  }
},
{
  "model": "kpi.objectpermission",
  "pk": 75,
  "fields": {
    "user": 11,
    "permission": 106,
    "deny": false,
    "inherited": true,
    "asset": 5,
    "uid": "pA6KZJ4ZjmBgfuZKwMRfgL"
  }
},
{
  "model": "kpi.objectpermission",
  "pk": 76,
  "fields": {
    "user": 11,
    "permission": 107,
    "deny": false,
    "inherited": true,
    "asset": 5,
    "uid": "pLRKrrzZN2mZfdeyPgWfJv"
  }
},
{
  "model": "kpi.objectpermission",
  "pk": 77,
  "fields": {
    "user": 11,
    "permission": 102,
    "deny": false,
    "inherited": true,
    "asset": 5,
    "uid": "p5qxRFcbuDb6uHYJEmcYYk"
  }
},
{
  "model": "kpi.objectpermission",
  "pk": 78,
  "fields": {
    "user": 11,
    "permission": 108,
    "deny": false,
    "inherited": true,
    "asset": 5,
    "uid": "p5myZM8sKes95kHf8de8Pz"
  }
},
{
  "model": "kpi.objectpermission",
  "pk": 79,
  "fields": {
    "user": 11,
    "permission": 100,
    "deny": false,
    "inherited": true,
    "asset": 5,
    "uid": "pj5M6Tx5wbTR7SLqwmvrRD"
  }
},
{
  "model": "kpi.objectpermission",
  "pk": 80,
  "fields": {
    "user": 11,
    "permission": 104,
    "deny": false,
    "inherited": true,
    "asset": 5,
    "uid": "pryvHYLpVjYtVJugsZRHpF"
  }
},
{
  "model": "kpi.objectpermission",
  "pk": 81,
  "fields": {
    "user": 11,
    "permission": 103,
    "deny": false,
    "inherited": true,
    "asset": 6,
    "uid": "phMUu5FSfXhBWUBgBLTFQL"
  }
},
{
  "model": "kpi.objectpermission",
  "pk": 82,
  "fields": {
    "user": 11,
    "permission": 98,
    "deny": false,
    "inherited": true,
    "asset": 6,
    "uid": "pRpXFrxCSQwfPcfSVAmnx3"
  }
},
{
  "model": "kpi.objectpermission",
  "pk": 83,
  "fields": {
    "user": 11,
    "permission": 106,
    "deny": false,
    "inherited": true,
    "asset": 6,
    "uid": "puFGft4EdxatXLQaSpKGbW"
  }
},
{
  "model": "kpi.objectpermission",
  "pk": 84,
  "fields": {
    "user": 11,
    "permission": 107,
    "deny": false,
    "inherited": true,
    "asset": 6,
    "uid": "pVDhigXDs9GjLofeMb2emS"
  }
},
{
  "model": "kpi.objectpermission",
  "pk": 85,
  "fields": {
    "user": 11,
    "permission": 102,
    "deny": false,
    "inherited": true,
    "asset": 6,
    "uid": "pqDo5gLQtzLuaqvGeBzwy7"
  }
},
{
  "model": "kpi.objectpermission",
  "pk": 86,
  "fields": {
    "user": 11,
    "permission": 108,
    "deny": false,
    "inherited": true,
    "asset": 6,
    "uid": "pww9EtxLPowzeKsQvo8zq5"
  }
},
{
  "model": "kpi.objectpermission",
  "pk": 87,
  "fields": {
    "user": 11,
    "permission": 100,
    "deny": false,
    "inherited": true,
    "asset": 6,
    "uid": "puGFfEGZpqTXfEXAthtSFp"
  }
},
{
  "model": "kpi.objectpermission",
  "pk": 88,
  "fields": {
    "user": 11,
    "permission": 104,
    "deny": false,
    "inherited": true,
    "asset": 6,
    "uid": "patejXsNnGLe55NMGE5Uxn"
  }
},
{
  "model": "kpi.objectpermission",
  "pk": 89,
  "fields": {
    "user": 11,
    "permission": 103,
    "deny": false,
    "inherited": true,
    "asset": 7,
    "uid": "pU4dCtmgBKEbRpgQJ7kbcc"
  }
},
{
  "model": "kpi.objectpermission",
  "pk": 90,
  "fields": {
    "user": 11,
    "permission": 98,
    "deny": false,
    "inherited": true,
    "asset": 7,
    "uid": "py5G8S7ocjjJPRxVLhvgAy"
  }
},
{
  "model": "kpi.objectpermission",
  "pk": 91,
  "fields": {
    "user": 11,
    "permission": 106,
    "deny": false,
    "inherited": true,
    "asset": 7,
    "uid": "p9JpG2zfudPBgcK8UDuhcx"
  }
},
{
  "model": "kpi.objectpermission",
  "pk": 92,
  "fields": {
    "user": 11,
    "permission": 107,
    "deny": false,
    "inherited": true,
    "asset": 7,
    "uid": "pMbV6DE4MZrmcuvqomHJLv"
  }
},
{
  "model": "kpi.objectpermission",
  "pk": 93,
  "fields": {
    "user": 11,
    "permission": 102,
    "deny": false,
    "inherited": true,
    "asset": 7,
    "uid": "pfMN7bd8WviyQ3LM4UWgNt"
  }
},
{
  "model": "kpi.objectpermission",
  "pk": 94,
  "fields": {
    "user": 11,
    "permission": 108,
    "deny": false,
    "inherited": true,
    "asset": 7,
    "uid": "pubWzJY8xE9S7Zkx7XGagj"
  }
},
{
  "model": "kpi.objectpermission",
  "pk": 95,
  "fields": {
    "user": 11,
    "permission": 100,
    "deny": false,
    "inherited": true,
    "asset": 7,
    "uid": "pYLdYVfiaAwdYqSUySwQaC"
  }
},
{
  "model": "kpi.objectpermission",
  "pk": 96,
  "fields": {
    "user": 11,
    "permission": 104,
    "deny": false,
    "inherited": true,
    "asset": 7,
    "uid": "p9pW2wEfSD4kysxuru3CmB"
  }
},
{
  "model": "kpi.objectpermission",
  "pk": 97,
  "fields": {
    "user": 11,
    "permission": 103,
    "deny": false,
    "inherited": true,
    "asset": 8,
    "uid": "ppHLWScdrFoQjcU7ofPdsP"
  }
},
{
  "model": "kpi.objectpermission",
  "pk": 98,
  "fields": {
    "user": 11,
    "permission": 98,
    "deny": false,
    "inherited": true,
    "asset": 8,
    "uid": "pPua6oyXnBc8eJnu6p9Cmz"
  }
},
{
  "model": "kpi.objectpermission",
  "pk": 99,
  "fields": {
    "user": 11,
    "permission": 106,
    "deny": false,
    "inherited": true,
    "asset": 8,
    "uid": "pS3U7RDWw6GHept8nyP6US"
  }
},
{
  "model": "kpi.objectpermission",
  "pk": 100,
  "fields": {
    "user": 11,
    "permission": 107,
    "deny": false,
    "inherited": true,
    "asset": 8,
    "uid": "pXkUDw6GDjjra3MmA2REim"
  }
},
{
  "model": "kpi.objectpermission",
  "pk": 101,
  "fields": {
    "user": 11,
    "permission": 102,
    "deny": false,
    "inherited": true,
    "asset": 8,
    "uid": "pHNZVXTw6ZWFN7QCQbTZBj"
  }
},
{
  "model": "kpi.objectpermission",
  "pk": 102,
  "fields": {
    "user": 11,
    "permission": 108,
    "deny": false,
    "inherited": true,
    "asset": 8,
    "uid": "paAqGGb4tUiXA8QBhda2xj"
  }
},
{
  "model": "kpi.objectpermission",
  "pk": 103,
  "fields": {
    "user": 11,
    "permission": 100,
    "deny": false,
    "inherited": true,
    "asset": 8,
    "uid": "pxmnkLSTVgZ2bV6y2WmqbU"
  }
},
{
  "model": "kpi.objectpermission",
  "pk": 104,
  "fields": {
    "user": 11,
    "permission": 104,
    "deny": false,
    "inherited": true,
    "asset": 8,
    "uid": "pmX8oTHb8bWXHqVtpGjXxn"
  }
},
{
  "model": "kpi.objectpermission",
  "pk": 105,
  "fields": {
    "user": 11,
    "permission": 103,
    "deny": false,
    "inherited": true,
    "asset": 9,
    "uid": "pJzZhupdNPSrW2QKT8KBs2"
  }
},
{
  "model": "kpi.objectpermission",
  "pk": 106,
  "fields": {
    "user": 11,
    "permission": 98,
    "deny": false,
    "inherited": true,
    "asset": 9,
    "uid": "pC5hteqKsaBQ7aQVrEF3nz"
  }
},
{
  "model": "kpi.objectpermission",
  "pk": 107,
  "fields": {
    "user": 11,
    "permission": 106,
    "deny": false,
    "inherited": true,
    "asset": 9,
    "uid": "pJfoxjerAYLhwNR8Zq9E47"
  }
},
{
  "model": "kpi.objectpermission",
  "pk": 108,
  "fields": {
    "user": 11,
    "permission": 107,
    "deny": false,
    "inherited": true,
    "asset": 9,
    "uid": "px6YYRhxbccGeCaCLVWcSQ"
  }
},
{
  "model": "kpi.objectpermission",
  "pk": 109,
  "fields": {
    "user": 11,
    "permission": 102,
    "deny": false,
    "inherited": true,
    "asset": 9,
    "uid": "pYuCWAmtZUDR5oTEvuxw8P"
  }
},
{
  "model": "kpi.objectpermission",
  "pk": 110,
  "fields": {
    "user": 11,
    "permission": 108,
    "deny": false,
    "inherited": true,
    "asset": 9,
    "uid": "p7oEGPdhYmrSuFW5c9V5ec"
  }
},
{
  "model": "kpi.objectpermission",
  "pk": 111,
  "fields": {
    "user": 11,
    "permission": 100,
    "deny": false,
    "inherited": true,
    "asset": 9,
    "uid": "pb4DyDTGkNy8owGVWsoDcb"
  }
},
{
  "model": "kpi.objectpermission",
  "pk": 112,
  "fields": {
    "user": 11,
    "permission": 104,
    "deny": false,
    "inherited": true,
    "asset": 9,
    "uid": "piJPJo8BV94yngLzeqdhS8"
  }
},
{
  "model": "kpi.objectpermission",
  "pk": 113,
  "fields": {
    "user": 11,
    "permission": 103,
    "deny": false,
    "inherited": true,
    "asset": 10,
    "uid": "pR7Kkf9uxvypZTRwVDsArp"
  }
},
{
  "model": "kpi.objectpermission",
  "pk": 114,
  "fields": {
    "user": 11,
    "permission": 98,
    "deny": false,
    "inherited": true,
    "asset": 10,
    "uid": "p74LMsjoHjE474UE3vWeac"
  }
},
{
  "model": "kpi.objectpermission",
  "pk": 115,
  "fields": {
    "user": 11,
    "permission": 106,
    "deny": false,
    "inherited": true,
    "asset": 10,
    "uid": "poxW2givEC348goZQcPpHH"
  }
},
{
  "model": "kpi.objectpermission",
  "pk": 116,
  "fields": {
    "user": 11,
    "permission": 107,
    "deny": false,
    "inherited": true,
    "asset": 10,
    "uid": "pU7VwERjQ7emuWhgtSZiQg"
  }
},
{
  "model": "kpi.objectpermission",
  "pk": 117,
  "fields": {
    "user": 11,
    "permission": 102,
    "deny": false,
    "inherited": true,
    "asset": 10,
    "uid": "pwgNbeiTkebrqWzgpYghyZ"
  }
},
{
  "model": "kpi.objectpermission",
  "pk": 118,
  "fields": {
    "user": 11,
    "permission": 108,
    "deny": false,
    "inherited": true,
    "asset": 10,
    "uid": "pozYQCimTHoRmuHWnzsUK5"
  }
},
{
  "model": "kpi.objectpermission",
  "pk": 119,
  "fields": {
    "user": 11,
    "permission": 100,
    "deny": false,
    "inherited": true,
    "asset": 10,
    "uid": "pDWmE5zPDCgBT9oQy6XVpP"
  }
},
{
  "model": "kpi.objectpermission",
  "pk": 120,
  "fields": {
    "user": 11,
    "permission": 104,
    "deny": false,
    "inherited": true,
    "asset": 10,
    "uid": "pD2PM8Gkb95g5bNTrSPfTV"
  }
},
{
  "model": "kpi.objectpermission",
  "pk": 121,
  "fields": {
    "user": 11,
    "permission": 103,
    "deny": false,
    "inherited": true,
    "asset": 11,
    "uid": "pmSiWCBxQ45UHieLX94sKg"
  }
},
{
  "model": "kpi.objectpermission",
  "pk": 122,
  "fields": {
    "user": 11,
    "permission": 98,
    "deny": false,
    "inherited": true,
    "asset": 11,
    "uid": "p64C4xz4YkkP2KV5dsQsHz"
  }
},
{
  "model": "kpi.objectpermission",
  "pk": 123,
  "fields": {
    "user": 11,
    "permission": 106,
    "deny": false,
    "inherited": true,
    "asset": 11,
    "uid": "pecqZV8U72X4sn3roBsq7P"
  }
},
{
  "model": "kpi.objectpermission",
  "pk": 124,
  "fields": {
    "user": 11,
    "permission": 107,
    "deny": false,
    "inherited": true,
    "asset": 11,
    "uid": "pjm2yJKsxsFyJCSJTSFNkH"
  }
},
{
  "model": "kpi.objectpermission",
  "pk": 125,
  "fields": {
    "user": 11,
    "permission": 102,
    "deny": false,
    "inherited": true,
    "asset": 11,
    "uid": "piJHNcktnrgT2nV2NjJFUD"
  }
},
{
  "model": "kpi.objectpermission",
  "pk": 126,
  "fields": {
    "user": 11,
    "permission": 108,
    "deny": false,
    "inherited": true,
    "asset": 11,
    "uid": "pL3i5cooketDR2aBTGWdqF"
  }
},
{
  "model": "kpi.objectpermission",
  "pk": 127,
  "fields": {
    "user": 11,
    "permission": 100,
    "deny": false,
    "inherited": true,
    "asset": 11,
    "uid": "pK9inqAtZ9SMmZnQEtKVdE"
  }
},
{
  "model": "kpi.objectpermission",
  "pk": 128,
  "fields": {
    "user": 11,
    "permission": 104,
    "deny": false,
    "inherited": true,
    "asset": 11,
    "uid": "pq3eFhdDx6G9o5inCPaLdg"
  }
},
{
  "model": "kpi.objectpermission",
  "pk": 129,
  "fields": {
    "user": 11,
    "permission": 103,
    "deny": false,
    "inherited": true,
    "asset": 12,
    "uid": "pjCq7WsLQqWbpLYG8S6EoB"
  }
},
{
  "model": "kpi.objectpermission",
  "pk": 130,
  "fields": {
    "user": 11,
    "permission": 98,
    "deny": false,
    "inherited": true,
    "asset": 12,
    "uid": "psVQU4jBmJvL5qDPHFB9UM"
  }
},
{
  "model": "kpi.objectpermission",
  "pk": 131,
  "fields": {
    "user": 11,
    "permission": 106,
    "deny": false,
    "inherited": true,
    "asset": 12,
    "uid": "pYdAqccuzHvoH2ixHzSTBA"
  }
},
{
  "model": "kpi.objectpermission",
  "pk": 132,
  "fields": {
    "user": 11,
    "permission": 107,
    "deny": false,
    "inherited": true,
    "asset": 12,
    "uid": "pgLZnfHE9pNuL8Abj9jSxV"
  }
},
{
  "model": "kpi.objectpermission",
  "pk": 133,
  "fields": {
    "user": 11,
    "permission": 102,
    "deny": false,
    "inherited": true,
    "asset": 12,
    "uid": "p37mXRQMyeSWfapg5Ppxhy"
  }
},
{
  "model": "kpi.objectpermission",
  "pk": 134,
  "fields": {
    "user": 11,
    "permission": 108,
    "deny": false,
    "inherited": true,
    "asset": 12,
    "uid": "pH76TVGRbL9XigB36vcCF4"
  }
},
{
  "model": "kpi.objectpermission",
  "pk": 135,
  "fields": {
    "user": 11,
    "permission": 100,
    "deny": false,
    "inherited": true,
    "asset": 12,
    "uid": "pNsZxNqSzD3v2WgD4cyRj7"
  }
},
{
  "model": "kpi.objectpermission",
  "pk": 136,
  "fields": {
    "user": 11,
    "permission": 104,
    "deny": false,
    "inherited": true,
    "asset": 12,
    "uid": "po9nqRhX7t2vKWd9t7guR7"
  }
},
{
  "model": "kpi.objectpermission",
  "pk": 137,
  "fields": {
    "user": 11,
    "permission": 103,
    "deny": false,
    "inherited": true,
    "asset": 13,
    "uid": "pmA8VhSwL66QUb4HzBfnDs"
  }
},
{
  "model": "kpi.objectpermission",
  "pk": 138,
  "fields": {
    "user": 11,
    "permission": 98,
    "deny": false,
    "inherited": true,
    "asset": 13,
    "uid": "py5M9puqi3JmFgwYbDJ5Nw"
  }
},
{
  "model": "kpi.objectpermission",
  "pk": 139,
  "fields": {
    "user": 11,
    "permission": 106,
    "deny": false,
    "inherited": true,
    "asset": 13,
    "uid": "pkNFXyiw4VWvSfHF4k5gkp"
  }
},
{
  "model": "kpi.objectpermission",
  "pk": 140,
  "fields": {
    "user": 11,
    "permission": 107,
    "deny": false,
    "inherited": true,
    "asset": 13,
    "uid": "pHUS9VMEdioYBomPDtBCZ9"
  }
},
{
  "model": "kpi.objectpermission",
  "pk": 141,
  "fields": {
    "user": 11,
    "permission": 102,
    "deny": false,
    "inherited": true,
    "asset": 13,
    "uid": "pvMwQnDZueuSFY5XWk6ti5"
  }
},
{
  "model": "kpi.objectpermission",
  "pk": 142,
  "fields": {
    "user": 11,
    "permission": 108,
    "deny": false,
    "inherited": true,
    "asset": 13,
    "uid": "pNx5vKxJcfHkQRsBwzfGZ8"
  }
},
{
  "model": "kpi.objectpermission",
  "pk": 143,
  "fields": {
    "user": 11,
    "permission": 100,
    "deny": false,
    "inherited": true,
    "asset": 13,
    "uid": "pT8ozsoehzD3q7w3BQSNNq"
  }
},
{
  "model": "kpi.objectpermission",
  "pk": 144,
  "fields": {
    "user": 11,
    "permission": 104,
    "deny": false,
    "inherited": true,
    "asset": 13,
    "uid": "pj2KuKkHRABBRsspNhBovY"
  }
},
{
  "model": "kpi.objectpermission",
  "pk": 145,
  "fields": {
    "user": 11,
    "permission": 103,
    "deny": false,
    "inherited": true,
    "asset": 14,
    "uid": "pbpZsLKtYRCKzvkkidCc8s"
  }
},
{
  "model": "kpi.objectpermission",
  "pk": 146,
  "fields": {
    "user": 11,
    "permission": 98,
    "deny": false,
    "inherited": true,
    "asset": 14,
    "uid": "pygqSCck5Nb2jNcMKPE8fX"
  }
},
{
  "model": "kpi.objectpermission",
  "pk": 147,
  "fields": {
    "user": 11,
    "permission": 106,
    "deny": false,
    "inherited": true,
    "asset": 14,
    "uid": "pCmyDv4dwndy7VdcPjKW6h"
  }
},
{
  "model": "kpi.objectpermission",
  "pk": 148,
  "fields": {
    "user": 11,
    "permission": 107,
    "deny": false,
    "inherited": true,
    "asset": 14,
    "uid": "pXdb4bfs4fFBpRnTtYWjUw"
  }
},
{
  "model": "kpi.objectpermission",
  "pk": 149,
  "fields": {
    "user": 11,
    "permission": 102,
    "deny": false,
    "inherited": true,
    "asset": 14,
    "uid": "pE7Vkg8NWRcGFCdPuQBkyJ"
  }
},
{
  "model": "kpi.objectpermission",
  "pk": 150,
  "fields": {
    "user": 11,
    "permission": 108,
    "deny": false,
    "inherited": true,
    "asset": 14,
    "uid": "poXzCrrJ47LDnRxmrRaCNK"
  }
},
{
  "model": "kpi.objectpermission",
  "pk": 151,
  "fields": {
    "user": 11,
    "permission": 100,
    "deny": false,
    "inherited": true,
    "asset": 14,
    "uid": "pKf5yUG3zSzQ6GQCKaorBx"
  }
},
{
  "model": "kpi.objectpermission",
  "pk": 152,
  "fields": {
    "user": 11,
    "permission": 104,
    "deny": false,
    "inherited": true,
    "asset": 14,
    "uid": "ppCZBHzLf9UpDxSsPMmyJv"
  }
},
{
  "model": "kpi.objectpermission",
  "pk": 153,
  "fields": {
    "user": 11,
    "permission": 103,
    "deny": false,
    "inherited": true,
    "asset": 15,
    "uid": "pgJd7wiGfGBZbbS4nx6PNU"
  }
},
{
  "model": "kpi.objectpermission",
  "pk": 154,
  "fields": {
    "user": 11,
    "permission": 98,
    "deny": false,
    "inherited": true,
    "asset": 15,
    "uid": "pyh2swESEGoJJFDRNjcuF8"
  }
},
{
  "model": "kpi.objectpermission",
  "pk": 155,
  "fields": {
    "user": 11,
    "permission": 106,
    "deny": false,
    "inherited": true,
    "asset": 15,
    "uid": "prMfGMHxU35xKZRHbj3WMC"
  }
},
{
  "model": "kpi.objectpermission",
  "pk": 156,
  "fields": {
    "user": 11,
    "permission": 107,
    "deny": false,
    "inherited": true,
    "asset": 15,
    "uid": "pxQ7tp4EfbZ6zzVh4RPo2p"
  }
},
{
  "model": "kpi.objectpermission",
  "pk": 157,
  "fields": {
    "user": 11,
    "permission": 102,
    "deny": false,
    "inherited": true,
    "asset": 15,
    "uid": "pKEM3uKEXNxB7vvmVLtfyp"
  }
},
{
  "model": "kpi.objectpermission",
  "pk": 158,
  "fields": {
    "user": 11,
    "permission": 108,
    "deny": false,
    "inherited": true,
    "asset": 15,
    "uid": "p3M5xyUGc6L5nS8PyoyheG"
  }
},
{
  "model": "kpi.objectpermission",
  "pk": 159,
  "fields": {
    "user": 11,
    "permission": 100,
    "deny": false,
    "inherited": true,
    "asset": 15,
    "uid": "phnoyymDXzfWVJcQcu56wv"
  }
},
{
  "model": "kpi.objectpermission",
  "pk": 160,
  "fields": {
    "user": 11,
    "permission": 104,
    "deny": false,
    "inherited": true,
    "asset": 15,
    "uid": "pcXxyw8vVWYFvJxrj3WeBf"
  }
},
{
  "model": "kpi.objectpermission",
  "pk": 161,
  "fields": {
    "user": 11,
    "permission": 103,
    "deny": false,
    "inherited": true,
    "asset": 16,
    "uid": "pw23hHysLebxV2pUFsdYYt"
  }
},
{
  "model": "kpi.objectpermission",
  "pk": 162,
  "fields": {
    "user": 11,
    "permission": 98,
    "deny": false,
    "inherited": true,
    "asset": 16,
    "uid": "pKPsjDbeLHgXQMNgm5pSz7"
  }
},
{
  "model": "kpi.objectpermission",
  "pk": 163,
  "fields": {
    "user": 11,
    "permission": 106,
    "deny": false,
    "inherited": true,
    "asset": 16,
    "uid": "pkGuQ8a7Yp6k32gJqVq8AM"
  }
},
{
  "model": "kpi.objectpermission",
  "pk": 164,
  "fields": {
    "user": 11,
    "permission": 107,
    "deny": false,
    "inherited": true,
    "asset": 16,
    "uid": "p3KvxJeBgdPfeEkYW4ir73"
  }
},
{
  "model": "kpi.objectpermission",
  "pk": 165,
  "fields": {
    "user": 11,
    "permission": 102,
    "deny": false,
    "inherited": true,
    "asset": 16,
    "uid": "pG5idotNJoXTeeEwo7iEZg"
  }
},
{
  "model": "kpi.objectpermission",
  "pk": 166,
  "fields": {
    "user": 11,
    "permission": 108,
    "deny": false,
    "inherited": true,
    "asset": 16,
    "uid": "pqyMRqGQHLAPWr85UMKkVq"
  }
},
{
  "model": "kpi.objectpermission",
  "pk": 167,
  "fields": {
    "user": 11,
    "permission": 100,
    "deny": false,
    "inherited": true,
    "asset": 16,
    "uid": "poJoUy9M6K5Rk4RHgFc5Rp"
  }
},
{
  "model": "kpi.objectpermission",
  "pk": 168,
  "fields": {
    "user": 11,
    "permission": 104,
    "deny": false,
    "inherited": true,
    "asset": 16,
    "uid": "pJqQz4SxxbA7ijxCTr6uU5"
  }
},
{
  "model": "kpi.objectpermission",
  "pk": 169,
  "fields": {
    "user": 11,
    "permission": 103,
    "deny": false,
    "inherited": true,
    "asset": 17,
    "uid": "pZMxB93J32E7NdUt75nMyB"
  }
},
{
  "model": "kpi.objectpermission",
  "pk": 170,
  "fields": {
    "user": 11,
    "permission": 98,
    "deny": false,
    "inherited": true,
    "asset": 17,
    "uid": "ppb9jAkpuNaqfEv6jLww96"
  }
},
{
  "model": "kpi.objectpermission",
  "pk": 171,
  "fields": {
    "user": 11,
    "permission": 106,
    "deny": false,
    "inherited": true,
    "asset": 17,
    "uid": "pqKtFRSghFaRvN2tEfotNM"
  }
},
{
  "model": "kpi.objectpermission",
  "pk": 172,
  "fields": {
    "user": 11,
    "permission": 107,
    "deny": false,
    "inherited": true,
    "asset": 17,
    "uid": "pNmDuLYFx7fTgXSHkcmoQ3"
  }
},
{
  "model": "kpi.objectpermission",
  "pk": 173,
  "fields": {
    "user": 11,
    "permission": 102,
    "deny": false,
    "inherited": true,
    "asset": 17,
    "uid": "p5YSWP9Kf7iaFVRStowazf"
  }
},
{
  "model": "kpi.objectpermission",
  "pk": 174,
  "fields": {
    "user": 11,
    "permission": 108,
    "deny": false,
    "inherited": true,
    "asset": 17,
    "uid": "pZCKXAxYwZohsj2nK6xk4P"
  }
},
{
  "model": "kpi.objectpermission",
  "pk": 175,
  "fields": {
    "user": 11,
    "permission": 100,
    "deny": false,
    "inherited": true,
    "asset": 17,
    "uid": "pbdVohLgWyNEYfKvrC2v4m"
  }
},
{
  "model": "kpi.objectpermission",
  "pk": 176,
  "fields": {
    "user": 11,
    "permission": 104,
    "deny": false,
    "inherited": true,
    "asset": 17,
    "uid": "pPR73rYrwt7zcki7svyg9g"
  }
},
{
  "model": "kpi.objectpermission",
  "pk": 177,
  "fields": {
    "user": 11,
    "permission": 103,
    "deny": false,
    "inherited": true,
    "asset": 18,
    "uid": "pxeYKRE5vZZJBEG5NEoA5s"
  }
},
{
  "model": "kpi.objectpermission",
  "pk": 178,
  "fields": {
    "user": 11,
    "permission": 98,
    "deny": false,
    "inherited": true,
    "asset": 18,
    "uid": "pSycYqgDdxs5oRa7i9HeVq"
  }
},
{
  "model": "kpi.objectpermission",
  "pk": 179,
  "fields": {
    "user": 11,
    "permission": 106,
    "deny": false,
    "inherited": true,
    "asset": 18,
    "uid": "p8tw22SoPBDKEPTz39snWw"
  }
},
{
  "model": "kpi.objectpermission",
  "pk": 180,
  "fields": {
    "user": 11,
    "permission": 107,
    "deny": false,
    "inherited": true,
    "asset": 18,
    "uid": "pcMKgE2MJcY3bNd7pWyYcj"
  }
},
{
  "model": "kpi.objectpermission",
  "pk": 181,
  "fields": {
    "user": 11,
    "permission": 102,
    "deny": false,
    "inherited": true,
    "asset": 18,
    "uid": "po4atq3oH92FVzQSBTGMJz"
  }
},
{
  "model": "kpi.objectpermission",
  "pk": 182,
  "fields": {
    "user": 11,
    "permission": 108,
    "deny": false,
    "inherited": true,
    "asset": 18,
    "uid": "pUAzFKbaGQbyCTcyoAuziM"
  }
},
{
  "model": "kpi.objectpermission",
  "pk": 183,
  "fields": {
    "user": 11,
    "permission": 100,
    "deny": false,
    "inherited": true,
    "asset": 18,
    "uid": "pggU4q9mwyDBRY46tpbUjK"
  }
},
{
  "model": "kpi.objectpermission",
  "pk": 184,
  "fields": {
    "user": 11,
    "permission": 104,
    "deny": false,
    "inherited": true,
    "asset": 18,
    "uid": "p5LU3NzGpD8s9vqpQcQAb5"
  }
},
{
  "model": "kpi.objectpermission",
  "pk": 185,
  "fields": {
    "user": 11,
    "permission": 103,
    "deny": false,
    "inherited": true,
    "asset": 19,
    "uid": "pcs4vUiNB7W5ykUrSKVzpE"
  }
},
{
  "model": "kpi.objectpermission",
  "pk": 186,
  "fields": {
    "user": 11,
    "permission": 98,
    "deny": false,
    "inherited": true,
    "asset": 19,
    "uid": "pCxRVBPcyoyvy9ynAauyFA"
  }
},
{
  "model": "kpi.objectpermission",
  "pk": 187,
  "fields": {
    "user": 11,
    "permission": 106,
    "deny": false,
    "inherited": true,
    "asset": 19,
    "uid": "pRhhQpez9mKaQhX5dqDABh"
  }
},
{
  "model": "kpi.objectpermission",
  "pk": 188,
  "fields": {
    "user": 11,
    "permission": 107,
    "deny": false,
    "inherited": true,
    "asset": 19,
    "uid": "pgcc7DMZQrCFai8vewjm5B"
  }
},
{
  "model": "kpi.objectpermission",
  "pk": 189,
  "fields": {
    "user": 11,
    "permission": 102,
    "deny": false,
    "inherited": true,
    "asset": 19,
    "uid": "pjDAFA6indDJhciFBJPXoi"
  }
},
{
  "model": "kpi.objectpermission",
  "pk": 190,
  "fields": {
    "user": 11,
    "permission": 108,
    "deny": false,
    "inherited": true,
    "asset": 19,
    "uid": "pAdNiMsXy87SzpWMjmK7qc"
  }
},
{
  "model": "kpi.objectpermission",
  "pk": 191,
  "fields": {
    "user": 11,
    "permission": 100,
    "deny": false,
    "inherited": true,
    "asset": 19,
    "uid": "pio4GhyNdeNFCWbjgariav"
  }
},
{
  "model": "kpi.objectpermission",
  "pk": 192,
  "fields": {
    "user": 11,
    "permission": 104,
    "deny": false,
    "inherited": true,
    "asset": 19,
    "uid": "p2RAVxsUXiXwkyqTsEQ5EQ"
  }
},
{
  "model": "kpi.objectpermission",
  "pk": 193,
  "fields": {
    "user": 11,
    "permission": 103,
    "deny": false,
    "inherited": true,
    "asset": 20,
    "uid": "pkbmFj9FT55RwMYNXCCRpw"
  }
},
{
  "model": "kpi.objectpermission",
  "pk": 194,
  "fields": {
    "user": 11,
    "permission": 98,
    "deny": false,
    "inherited": true,
    "asset": 20,
    "uid": "pbMjoxGTxCHoZ29egREfyR"
  }
},
{
  "model": "kpi.objectpermission",
  "pk": 195,
  "fields": {
    "user": 11,
    "permission": 106,
    "deny": false,
    "inherited": true,
    "asset": 20,
    "uid": "pTbFAu8FLGLg2uN42GxPKm"
  }
},
{
  "model": "kpi.objectpermission",
  "pk": 196,
  "fields": {
    "user": 11,
    "permission": 107,
    "deny": false,
    "inherited": true,
    "asset": 20,
    "uid": "pGDE5gsVt858BdvDDP76bE"
  }
},
{
  "model": "kpi.objectpermission",
  "pk": 197,
  "fields": {
    "user": 11,
    "permission": 102,
    "deny": false,
    "inherited": true,
    "asset": 20,
    "uid": "ppXff4RE3CFHubhRiiPsA2"
  }
},
{
  "model": "kpi.objectpermission",
  "pk": 198,
  "fields": {
    "user": 11,
    "permission": 108,
    "deny": false,
    "inherited": true,
    "asset": 20,
    "uid": "pXSpvMKFVm75KZ2ZPdpDCU"
  }
},
{
  "model": "kpi.objectpermission",
  "pk": 199,
  "fields": {
    "user": 11,
    "permission": 100,
    "deny": false,
    "inherited": true,
    "asset": 20,
    "uid": "pVzQ8hDsmhZExnYSq4jWpU"
  }
},
{
  "model": "kpi.objectpermission",
  "pk": 200,
  "fields": {
    "user": 11,
    "permission": 104,
    "deny": false,
    "inherited": true,
    "asset": 20,
    "uid": "pHSFPm5CLKdcbjw9FaMK4G"
  }
},
{
  "model": "kpi.assetversion",
  "pk": 5,
  "fields": {
    "uid": "vK3vem48imF4MWjmRbuD8S",
    "asset": 2,
    "name": "Job Market Survey",
    "date_modified": "2021-12-13T17:25:01.608Z",
    "_reversion_version": null,
    "version_content": {
      "schema": "1",
      "survey": [],
      "settings": {}
    },
    "uid_aliases": null,
    "deployed_content": null,
    "_deployment_data": {},
    "deployed": false
  }
},
{
  "model": "kpi.assetversion",
  "pk": 6,
  "fields": {
    "uid": "vKBws3PBh9XKF5JVXEFskH",
    "asset": 2,
    "name": "Job Market Survey",
    "date_modified": "2021-12-13T17:26:21.517Z",
    "_reversion_version": null,
    "version_content": {
      "schema": "1",
      "survey": [
        {
          "name": "start",
          "type": "start",
          "$kuid": "ip876HZO8",
          "$autoname": "start"
        },
        {
          "name": "end",
          "type": "end",
          "$kuid": "CNiXkvHJD",
          "$autoname": "end"
        },
        {
          "type": "integer",
          "$kuid": "ev39s97",
          "label": [
            "How many jobs have you applied to in the past 6 months?"
          ],
          "required": false,
          "$autoname": "How_many_jobs_have_y_in_the_past_6_months"
        },
        {
          "type": "integer",
          "$kuid": "ns3bx85",
          "label": [
            "How many of those jobs have contacted you to schedule an interview?"
          ],
          "required": false,
          "$autoname": "How_many_of_those_jo_chedule_an_interview"
        },
        {
          "type": "text",
          "$kuid": "vh9ml67",
          "label": [
            "If you received any rejection letter, what was the stated reason?"
          ],
          "required": false,
          "$autoname": "If_you_received_any_as_the_stated_reason"
        }
      ],
      "settings": {},
      "translated": [
        "label"
      ],
      "translations": [
        null
      ]
    },
    "uid_aliases": null,
    "deployed_content": null,
    "_deployment_data": {},
    "deployed": true
  }
},
{
  "model": "kpi.assetversion",
  "pk": 7,
  "fields": {
    "uid": "vaUPd4GUVkYrQJrFT78khd",
    "asset": 3,
    "name": "Test",
    "date_modified": "2021-12-31T02:36:16.558Z",
    "_reversion_version": null,
    "version_content": {
      "schema": "1",
      "survey": [],
      "settings": {}
    },
    "uid_aliases": null,
    "deployed_content": null,
    "_deployment_data": {},
    "deployed": false
  }
},
{
  "model": "kpi.assetversion",
  "pk": 8,
  "fields": {
    "uid": "vLjVFDhwzg7TXUbwUe86SE",
    "asset": 4,
    "name": "Test",
    "date_modified": "2021-12-31T02:37:58.409Z",
    "_reversion_version": null,
    "version_content": {
      "schema": "1",
      "survey": [],
      "settings": {}
    },
    "uid_aliases": null,
    "deployed_content": null,
    "_deployment_data": {},
    "deployed": false
  }
},
{
  "model": "kpi.assetversion",
  "pk": 9,
  "fields": {
    "uid": "vztNGUC9CZEaj7bJMQLp5G",
    "asset": 5,
    "name": "Test",
    "date_modified": "2021-12-31T02:40:59.839Z",
    "_reversion_version": null,
    "version_content": {
      "schema": "1",
      "survey": [],
      "settings": {}
    },
    "uid_aliases": null,
    "deployed_content": null,
    "_deployment_data": {},
    "deployed": false
  }
},
{
  "model": "kpi.assetversion",
  "pk": 10,
  "fields": {
    "uid": "vcfYzndTphHmBbwsWDVtRU",
    "asset": 6,
    "name": "Test",
    "date_modified": "2021-12-31T02:42:01.264Z",
    "_reversion_version": null,
    "version_content": {
      "schema": "1",
      "survey": [],
      "settings": {}
    },
    "uid_aliases": null,
    "deployed_content": null,
    "_deployment_data": {},
    "deployed": false
  }
},
{
  "model": "kpi.assetversion",
  "pk": 11,
  "fields": {
    "uid": "vFqiLTLspo3yVJCEkYFyi9",
    "asset": 7,
    "name": "Test",
    "date_modified": "2021-12-31T03:06:55.864Z",
    "_reversion_version": null,
    "version_content": {
      "schema": "1",
      "survey": [],
      "settings": {}
    },
    "uid_aliases": null,
    "deployed_content": null,
    "_deployment_data": {},
    "deployed": false
  }
},
{
  "model": "kpi.assetversion",
  "pk": 12,
  "fields": {
    "uid": "vAcfJ9Y4dhkBZ4VGg4C8TX",
    "asset": 8,
    "name": "Test",
    "date_modified": "2021-12-31T03:10:59.314Z",
    "_reversion_version": null,
    "version_content": {
      "schema": "1",
      "survey": [],
      "settings": {}
    },
    "uid_aliases": null,
    "deployed_content": null,
    "_deployment_data": {},
    "deployed": false
  }
},
{
  "model": "kpi.assetversion",
  "pk": 13,
  "fields": {
    "uid": "voBvUD6ekbgjVwfn2edT8x",
    "asset": 9,
    "name": "Test",
    "date_modified": "2021-12-31T03:36:28.435Z",
    "_reversion_version": null,
    "version_content": {
      "schema": "1",
      "survey": [],
      "settings": {}
    },
    "uid_aliases": null,
    "deployed_content": null,
    "_deployment_data": {},
    "deployed": false
  }
},
{
  "model": "kpi.assetversion",
  "pk": 14,
  "fields": {
    "uid": "vnxqtpiXnaRAQxqnK2gxrJ",
    "asset": 10,
    "name": "Test",
    "date_modified": "2021-12-31T03:47:18.246Z",
    "_reversion_version": null,
    "version_content": {
      "schema": "1",
      "survey": [],
      "settings": {}
    },
    "uid_aliases": null,
    "deployed_content": null,
    "_deployment_data": {},
    "deployed": false
  }
},
{
  "model": "kpi.assetversion",
  "pk": 15,
  "fields": {
    "uid": "vJfiiHJQm7CVADfpmEUsjV",
    "asset": 11,
    "name": "Test",
    "date_modified": "2021-12-31T03:59:27.377Z",
    "_reversion_version": null,
    "version_content": {
      "schema": "1",
      "survey": [],
      "settings": {}
    },
    "uid_aliases": null,
    "deployed_content": null,
    "_deployment_data": {},
    "deployed": false
  }
},
{
  "model": "kpi.assetversion",
  "pk": 16,
  "fields": {
    "uid": "vfieHdAM4HyxFBC4Wqez4B",
    "asset": 12,
    "name": "Test",
    "date_modified": "2021-12-31T03:59:57.031Z",
    "_reversion_version": null,
    "version_content": {
      "schema": "1",
      "survey": [],
      "settings": {}
    },
    "uid_aliases": null,
    "deployed_content": null,
    "_deployment_data": {},
    "deployed": false
  }
},
{
  "model": "kpi.assetversion",
  "pk": 17,
  "fields": {
    "uid": "vLpTyFii6tr7KXPwAHvtKm",
    "asset": 13,
    "name": "Test",
    "date_modified": "2021-12-31T04:01:05.637Z",
    "_reversion_version": null,
    "version_content": {
      "schema": "1",
      "survey": [],
      "settings": {}
    },
    "uid_aliases": null,
    "deployed_content": null,
    "_deployment_data": {},
    "deployed": false
  }
},
{
  "model": "kpi.assetversion",
  "pk": 18,
  "fields": {
    "uid": "vwFXfp5sRCSALNBYyKfonm",
    "asset": 14,
    "name": "Test",
    "date_modified": "2022-01-06T16:07:11.063Z",
    "_reversion_version": null,
    "version_content": {
      "schema": "1",
      "survey": [],
      "settings": {}
    },
    "uid_aliases": null,
    "deployed_content": null,
    "_deployment_data": {},
    "deployed": false
  }
},
{
  "model": "kpi.assetversion",
  "pk": 19,
  "fields": {
    "uid": "vcQMEAXu3Hv7xDmhvejrLm",
    "asset": 15,
    "name": "Test",
    "date_modified": "2022-01-06T17:17:25.728Z",
    "_reversion_version": null,
    "version_content": {
      "schema": "1",
      "survey": [],
      "settings": {}
    },
    "uid_aliases": null,
    "deployed_content": null,
    "_deployment_data": {},
    "deployed": false
  }
},
{
  "model": "kpi.assetversion",
  "pk": 20,
  "fields": {
    "uid": "vp6S7cGgtNMGWT4RDYuZD6",
    "asset": 16,
    "name": "Test",
    "date_modified": "2022-01-06T17:44:53.880Z",
    "_reversion_version": null,
    "version_content": {
      "schema": "1",
      "survey": [],
      "settings": {}
    },
    "uid_aliases": null,
    "deployed_content": null,
    "_deployment_data": {},
    "deployed": false
  }
},
{
  "model": "kpi.assetversion",
  "pk": 21,
  "fields": {
    "uid": "vFxPeoGKEcw4PYPQ8ebi63",
    "asset": 17,
    "name": "Test",
    "date_modified": "2022-01-06T17:46:29.507Z",
    "_reversion_version": null,
    "version_content": {
      "schema": "1",
      "survey": [],
      "settings": {}
    },
    "uid_aliases": null,
    "deployed_content": null,
    "_deployment_data": {},
    "deployed": false
  }
},
{
  "model": "kpi.assetversion",
  "pk": 22,
  "fields": {
    "uid": "vALb6cRrHgYRJGkZXpjHWe",
    "asset": 18,
    "name": "Test",
    "date_modified": "2022-01-06T17:47:42.696Z",
    "_reversion_version": null,
    "version_content": {
      "schema": "1",
      "survey": [],
      "settings": {}
    },
    "uid_aliases": null,
    "deployed_content": null,
    "_deployment_data": {},
    "deployed": false
  }
},
{
  "model": "kpi.assetversion",
  "pk": 23,
  "fields": {
    "uid": "vYjewtnQx6AsHs6yJN68MN",
    "asset": 19,
    "name": "Test",
    "date_modified": "2022-01-06T17:48:21.643Z",
    "_reversion_version": null,
    "version_content": {
      "schema": "1",
      "survey": [],
      "settings": {}
    },
    "uid_aliases": null,
    "deployed_content": null,
    "_deployment_data": {},
    "deployed": false
  }
},
{
  "model": "kpi.assetversion",
  "pk": 24,
  "fields": {
    "uid": "vK3MT4yGHuyQgsqJzfBewK",
    "asset": 20,
    "name": "Test",
    "date_modified": "2022-01-06T18:09:17.223Z",
    "_reversion_version": null,
    "version_content": {
      "schema": "1",
      "survey": [],
      "settings": {}
    },
    "uid_aliases": null,
    "deployed_content": null,
    "_deployment_data": {},
    "deployed": false
  }
},
{
  "model": "kpi.asset",
  "pk": 2,
  "fields": {
    "name": "Job Market Survey",
    "date_created": "2021-12-13T17:25:01.591Z",
    "date_modified": "2021-12-13T17:26:28.673Z",
    "content": {
      "schema": "1",
      "survey": [
        {
          "name": "start",
          "type": "start",
          "$kuid": "ip876HZO8",
          "$autoname": "start"
        },
        {
          "name": "end",
          "type": "end",
          "$kuid": "CNiXkvHJD",
          "$autoname": "end"
        },
        {
          "type": "integer",
          "$kuid": "ev39s97",
          "label": [
            "How many jobs have you applied to in the past 6 months?"
          ],
          "required": false,
          "$autoname": "How_many_jobs_have_y_in_the_past_6_months"
        },
        {
          "type": "integer",
          "$kuid": "ns3bx85",
          "label": [
            "How many of those jobs have contacted you to schedule an interview?"
          ],
          "required": false,
          "$autoname": "How_many_of_those_jo_chedule_an_interview"
        },
        {
          "type": "text",
          "$kuid": "vh9ml67",
          "label": [
            "If you received any rejection letter, what was the stated reason?"
          ],
          "required": false,
          "$autoname": "If_you_received_any_as_the_stated_reason"
        }
      ],
      "settings": {},
      "translated": [
        "label"
      ],
      "translations": [
        null
      ]
    },
    "summary": {
      "geo": false,
      "labels": [
        "How many jobs have you applied to in the past 6 months?",
        "How many of those jobs have contacted you to schedule an interview?",
        "If you received any rejection letter, what was the stated reason?"
      ],
      "columns": [
        "type",
        "label",
        "required"
      ],
      "lock_all": false,
      "lock_any": false,
      "languages": [
        null
      ],
      "row_count": 3,
      "default_translation": null
    },
    "report_styles": {
      "default": {},
      "specified": {
        "end": {},
        "start": {},
        "ev39s97": {},
        "ns3bx85": {},
        "vh9ml67": {}
      },
      "kuid_names": {
        "end": "CNiXkvHJD",
        "start": "ip876HZO8",
        "ev39s97": "ev39s97",
        "ns3bx85": "ns3bx85",
        "vh9ml67": "vh9ml67"
      }
    },
    "report_custom": {},
    "map_styles": {},
    "map_custom": {},
    "asset_type": "survey",
    "parent": null,
    "owner": 1,
    "uid": "adBJrajsTAZbN2Z6kSHqjZ",
    "settings": {
      "sector": {
        "label": "Economic/Social Development",
        "value": "Economic/Social Development"
      },
      "country": {
        "label": "United States",
        "value": "USA"
      },
      "description": "Help us collect data on the job market.",
      "share-metadata": true
    },
    "_deployment_data": {
      "active": true,
      "backend": "kobocat",
      "version": "vKBws3PBh9XKF5JVXEFskH",
      "identifier": "http://kc.kobo.local/super_admin/forms/adBJrajsTAZbN2Z6kSHqjZ",
      "backend_response": {
        "url": "http://kc.docker.internal/api/v1/forms/1",
        "hash": "md5:eec50ba64c6d7ccdb0585e5167570837",
        "tags": [],
        "uuid": "1beb34b8709947afa1f9896efd244a22",
        "owner": "super_admin",
        "title": "Job Market Survey",
        "users": [
          {
            "user": "super_admin",
            "permissions": [
              "add_xform",
              "change_xform",
              "delete_data_xform",
              "delete_xform",
              "move_xform",
              "report_xform",
              "transfer_xform",
              "validate_xform",
              "view_xform"
            ]
          }
        ],
        "formid": 1,
        "public": false,
        "metadata": [],
        "encrypted": false,
        "id_string": "adBJrajsTAZbN2Z6kSHqjZ",
        "description": "Job Market Survey",
        "public_data": false,
        "date_created": "2021-12-13T12:26:28.594906-05:00",
        "downloadable": true,
        "require_auth": false,
        "date_modified": "2021-12-13T12:26:28.639197-05:00",
        "has_kpi_hooks": false,
        "kpi_asset_uid": "adBJrajsTAZbN2Z6kSHqjZ",
        "num_of_submissions": 0,
        "last_submission_time": null,
        "instances_with_geopoints": false
      }
    },
    "data_sharing": {},
    "paired_data": {}
  }
},
{
  "model": "kpi.asset",
  "pk": 3,
  "fields": {
    "name": "Test",
    "date_created": "2021-12-31T02:36:16.536Z",
    "date_modified": "2021-12-31T02:36:16.536Z",
    "content": {
      "schema": "1",
      "survey": [],
      "settings": {}
    },
    "summary": {},
    "report_styles": {
      "default": {},
      "specified": {},
      "kuid_names": {}
    },
    "report_custom": {},
    "map_styles": {},
    "map_custom": {},
    "asset_type": "survey",
    "parent": null,
    "owner": 11,
    "uid": "aWSHvEZCyPA5iatcibGTFp",
    "settings": {
      "sector": {
        "label": "Other",
        "value": "Other"
      },
      "country": {
        "label": "United States",
        "value": "USA"
      },
      "description": "This form was created by a bot.",
      "share-metadata": false
    },
    "_deployment_data": {},
    "data_sharing": {},
    "paired_data": {}
  }
},
{
  "model": "kpi.asset",
  "pk": 4,
  "fields": {
    "name": "Test",
    "date_created": "2021-12-31T02:37:58.391Z",
    "date_modified": "2021-12-31T02:37:58.391Z",
    "content": {
      "schema": "1",
      "survey": [],
      "settings": {}
    },
    "summary": {},
    "report_styles": {
      "default": {},
      "specified": {},
      "kuid_names": {}
    },
    "report_custom": {},
    "map_styles": {},
    "map_custom": {},
    "asset_type": "survey",
    "parent": null,
    "owner": 11,
    "uid": "aBnUPzNV424YZrpajEXpd4",
    "settings": {
      "sector": {
        "label": "Other",
        "value": "Other"
      },
      "country": {
        "label": "United States",
        "value": "USA"
      },
      "description": "This form was created by a bot.",
      "share-metadata": false
    },
    "_deployment_data": {},
    "data_sharing": {},
    "paired_data": {}
  }
},
{
  "model": "kpi.asset",
  "pk": 5,
  "fields": {
    "name": "Test",
    "date_created": "2021-12-31T02:40:59.817Z",
    "date_modified": "2021-12-31T02:40:59.817Z",
    "content": {
      "schema": "1",
      "survey": [],
      "settings": {}
    },
    "summary": {},
    "report_styles": {
      "default": {},
      "specified": {},
      "kuid_names": {}
    },
    "report_custom": {},
    "map_styles": {},
    "map_custom": {},
    "asset_type": "survey",
    "parent": null,
    "owner": 11,
    "uid": "akjFQ6RZYgvKcjgNzNx2Ph",
    "settings": {
      "sector": {
        "label": "Other",
        "value": "Other"
      },
      "country": {
        "label": "United States",
        "value": "USA"
      },
      "description": "This form was created by a bot.",
      "share-metadata": false
    },
    "_deployment_data": {},
    "data_sharing": {},
    "paired_data": {}
  }
},
{
  "model": "kpi.asset",
  "pk": 6,
  "fields": {
    "name": "Test",
    "date_created": "2021-12-31T02:42:01.246Z",
    "date_modified": "2021-12-31T02:42:01.246Z",
    "content": {
      "schema": "1",
      "survey": [],
      "settings": {}
    },
    "summary": {},
    "report_styles": {
      "default": {},
      "specified": {},
      "kuid_names": {}
    },
    "report_custom": {},
    "map_styles": {},
    "map_custom": {},
    "asset_type": "survey",
    "parent": null,
    "owner": 11,
    "uid": "abS4ks5eQpvy5Kx44ZWz2W",
    "settings": {
      "sector": {
        "label": "Other",
        "value": "Other"
      },
      "country": {
        "label": "United States",
        "value": "USA"
      },
      "description": "This form was created by a bot.",
      "share-metadata": false
    },
    "_deployment_data": {},
    "data_sharing": {},
    "paired_data": {}
  }
},
{
  "model": "kpi.asset",
  "pk": 7,
  "fields": {
    "name": "Test",
    "date_created": "2021-12-31T03:06:55.842Z",
    "date_modified": "2021-12-31T03:06:55.842Z",
    "content": {
      "schema": "1",
      "survey": [],
      "settings": {}
    },
    "summary": {},
    "report_styles": {
      "default": {},
      "specified": {},
      "kuid_names": {}
    },
    "report_custom": {},
    "map_styles": {},
    "map_custom": {},
    "asset_type": "survey",
    "parent": null,
    "owner": 11,
    "uid": "arcDg3PdjQyGpebgkbLYCQ",
    "settings": {
      "sector": {
        "label": "Other",
        "value": "Other"
      },
      "country": {
        "label": "United States",
        "value": "USA"
      },
      "description": "This form was created by a bot.",
      "share-metadata": false
    },
    "_deployment_data": {},
    "data_sharing": {},
    "paired_data": {}
  }
},
{
  "model": "kpi.asset",
  "pk": 8,
  "fields": {
    "name": "Test",
    "date_created": "2021-12-31T03:10:59.295Z",
    "date_modified": "2021-12-31T03:10:59.295Z",
    "content": {
      "schema": "1",
      "survey": [],
      "settings": {}
    },
    "summary": {},
    "report_styles": {
      "default": {},
      "specified": {},
      "kuid_names": {}
    },
    "report_custom": {},
    "map_styles": {},
    "map_custom": {},
    "asset_type": "survey",
    "parent": null,
    "owner": 11,
    "uid": "aLe6uAdDwpJzmeWCuoAFTr",
    "settings": {
      "sector": {
        "label": "Other",
        "value": "Other"
      },
      "country": {
        "label": "United States",
        "value": "USA"
      },
      "description": "This form was created by a bot.",
      "share-metadata": false
    },
    "_deployment_data": {},
    "data_sharing": {},
    "paired_data": {}
  }
},
{
  "model": "kpi.asset",
  "pk": 9,
  "fields": {
    "name": "Test",
    "date_created": "2021-12-31T03:36:28.416Z",
    "date_modified": "2021-12-31T03:36:28.416Z",
    "content": {
      "schema": "1",
      "survey": [],
      "settings": {}
    },
    "summary": {},
    "report_styles": {
      "default": {},
      "specified": {},
      "kuid_names": {}
    },
    "report_custom": {},
    "map_styles": {},
    "map_custom": {},
    "asset_type": "survey",
    "parent": null,
    "owner": 11,
    "uid": "aZWAoBu62g3PbMdjtfrJVp",
    "settings": {
      "sector": {
        "label": "Other",
        "value": "Other"
      },
      "country": {
        "label": "United States",
        "value": "USA"
      },
      "description": "This form was created by a bot.",
      "share-metadata": false
    },
    "_deployment_data": {},
    "data_sharing": {},
    "paired_data": {}
  }
},
{
  "model": "kpi.asset",
  "pk": 10,
  "fields": {
    "name": "Test",
    "date_created": "2021-12-31T03:47:18.227Z",
    "date_modified": "2021-12-31T03:47:18.227Z",
    "content": {
      "schema": "1",
      "survey": [],
      "settings": {}
    },
    "summary": {},
    "report_styles": {
      "default": {},
      "specified": {},
      "kuid_names": {}
    },
    "report_custom": {},
    "map_styles": {},
    "map_custom": {},
    "asset_type": "survey",
    "parent": null,
    "owner": 11,
    "uid": "aMiTqFKAH7qNMqVPksA9ZH",
    "settings": {
      "sector": {
        "label": "Other",
        "value": "Other"
      },
      "country": {
        "label": "United States",
        "value": "USA"
      },
      "description": "This form was created by a bot.",
      "share-metadata": false
    },
    "_deployment_data": {},
    "data_sharing": {},
    "paired_data": {}
  }
},
{
  "model": "kpi.asset",
  "pk": 11,
  "fields": {
    "name": "Test",
    "date_created": "2021-12-31T03:59:27.360Z",
    "date_modified": "2021-12-31T03:59:27.360Z",
    "content": {
      "schema": "1",
      "survey": [],
      "settings": {}
    },
    "summary": {},
    "report_styles": {
      "default": {},
      "specified": {},
      "kuid_names": {}
    },
    "report_custom": {},
    "map_styles": {},
    "map_custom": {},
    "asset_type": "survey",
    "parent": null,
    "owner": 11,
    "uid": "aRTW9fuGqXRrcg8ZNzSXVQ",
    "settings": {
      "sector": {
        "label": "Other",
        "value": "Other"
      },
      "country": {
        "label": "United States",
        "value": "USA"
      },
      "description": "This form was created by a bot.",
      "share-metadata": false
    },
    "_deployment_data": {},
    "data_sharing": {},
    "paired_data": {}
  }
},
{
  "model": "kpi.asset",
  "pk": 12,
  "fields": {
    "name": "Test",
    "date_created": "2021-12-31T03:59:57.011Z",
    "date_modified": "2021-12-31T03:59:57.011Z",
    "content": {
      "schema": "1",
      "survey": [],
      "settings": {}
    },
    "summary": {},
    "report_styles": {
      "default": {},
      "specified": {},
      "kuid_names": {}
    },
    "report_custom": {},
    "map_styles": {},
    "map_custom": {},
    "asset_type": "survey",
    "parent": null,
    "owner": 11,
    "uid": "atDyCmHNRLxjP37Nzd3MSa",
    "settings": {
      "sector": {
        "label": "Other",
        "value": "Other"
      },
      "country": {
        "label": "United States",
        "value": "USA"
      },
      "description": "This form was created by a bot.",
      "share-metadata": false
    },
    "_deployment_data": {},
    "data_sharing": {},
    "paired_data": {}
  }
},
{
  "model": "kpi.asset",
  "pk": 13,
  "fields": {
    "name": "Test",
    "date_created": "2021-12-31T04:01:05.618Z",
    "date_modified": "2021-12-31T04:01:05.618Z",
    "content": {
      "schema": "1",
      "survey": [],
      "settings": {}
    },
    "summary": {},
    "report_styles": {
      "default": {},
      "specified": {},
      "kuid_names": {}
    },
    "report_custom": {},
    "map_styles": {},
    "map_custom": {},
    "asset_type": "survey",
    "parent": null,
    "owner": 11,
    "uid": "avmFw2GcTgMWhyenuQFcgQ",
    "settings": {
      "sector": {
        "label": "Other",
        "value": "Other"
      },
      "country": {
        "label": "United States",
        "value": "USA"
      },
      "description": "This form was created by a bot.",
      "share-metadata": false
    },
    "_deployment_data": {},
    "data_sharing": {},
    "paired_data": {}
  }
},
{
  "model": "kpi.asset",
  "pk": 14,
  "fields": {
    "name": "Test",
    "date_created": "2022-01-06T16:07:11.045Z",
    "date_modified": "2022-01-06T16:07:11.045Z",
    "content": {
      "schema": "1",
      "survey": [],
      "settings": {}
    },
    "summary": {},
    "report_styles": {
      "default": {},
      "specified": {},
      "kuid_names": {}
    },
    "report_custom": {},
    "map_styles": {},
    "map_custom": {},
    "asset_type": "survey",
    "parent": null,
    "owner": 11,
    "uid": "askgFyR2biPg88NVyTioWY",
    "settings": {
      "sector": {
        "label": "Other",
        "value": "Other"
      },
      "country": {
        "label": "United States",
        "value": "USA"
      },
      "description": "This form was created by a bot.",
      "share-metadata": false
    },
    "_deployment_data": {},
    "data_sharing": {},
    "paired_data": {}
  }
},
{
  "model": "kpi.asset",
  "pk": 15,
  "fields": {
    "name": "Test",
    "date_created": "2022-01-06T17:17:25.710Z",
    "date_modified": "2022-01-06T17:17:25.710Z",
    "content": {
      "schema": "1",
      "survey": [],
      "settings": {}
    },
    "summary": {},
    "report_styles": {
      "default": {},
      "specified": {},
      "kuid_names": {}
    },
    "report_custom": {},
    "map_styles": {},
    "map_custom": {},
    "asset_type": "survey",
    "parent": null,
    "owner": 11,
    "uid": "afFruPsHGpgtizrateo4L9",
    "settings": {
      "sector": {
        "label": "Other",
        "value": "Other"
      },
      "country": {
        "label": "United States",
        "value": "USA"
      },
      "description": "This form was created by a bot.",
      "share-metadata": false
    },
    "_deployment_data": {},
    "data_sharing": {},
    "paired_data": {}
  }
},
{
  "model": "kpi.asset",
  "pk": 16,
  "fields": {
    "name": "Test",
    "date_created": "2022-01-06T17:44:53.858Z",
    "date_modified": "2022-01-06T17:44:53.858Z",
    "content": {
      "schema": "1",
      "survey": [],
      "settings": {}
    },
    "summary": {},
    "report_styles": {
      "default": {},
      "specified": {},
      "kuid_names": {}
    },
    "report_custom": {},
    "map_styles": {},
    "map_custom": {},
    "asset_type": "survey",
    "parent": null,
    "owner": 11,
    "uid": "aEDViRkPytWCGSZKTBRnHP",
    "settings": {
      "sector": {
        "label": "Other",
        "value": "Other"
      },
      "country": {
        "label": "United States",
        "value": "USA"
      },
      "description": "This form was created by a bot.",
      "share-metadata": false
    },
    "_deployment_data": {},
    "data_sharing": {},
    "paired_data": {}
  }
},
{
  "model": "kpi.asset",
  "pk": 17,
  "fields": {
    "name": "Test",
    "date_created": "2022-01-06T17:46:29.488Z",
    "date_modified": "2022-01-06T17:46:29.488Z",
    "content": {
      "schema": "1",
      "survey": [],
      "settings": {}
    },
    "summary": {},
    "report_styles": {
      "default": {},
      "specified": {},
      "kuid_names": {}
    },
    "report_custom": {},
    "map_styles": {},
    "map_custom": {},
    "asset_type": "survey",
    "parent": null,
    "owner": 11,
    "uid": "auiVWUcQZu8U7P7eQALsom",
    "settings": {
      "sector": {
        "label": "Other",
        "value": "Other"
      },
      "country": {
        "label": "United States",
        "value": "USA"
      },
      "description": "This form was created by a bot.",
      "share-metadata": false
    },
    "_deployment_data": {},
    "data_sharing": {},
    "paired_data": {}
  }
},
{
  "model": "kpi.asset",
  "pk": 18,
  "fields": {
    "name": "Test",
    "date_created": "2022-01-06T17:47:42.676Z",
    "date_modified": "2022-01-06T17:47:42.676Z",
    "content": {
      "schema": "1",
      "survey": [],
      "settings": {}
    },
    "summary": {},
    "report_styles": {
      "default": {},
      "specified": {},
      "kuid_names": {}
    },
    "report_custom": {},
    "map_styles": {},
    "map_custom": {},
    "asset_type": "survey",
    "parent": null,
    "owner": 11,
    "uid": "aTXYjK3ERaUFfucZV2bYxa",
    "settings": {
      "sector": {
        "label": "Other",
        "value": "Other"
      },
      "country": {
        "label": "United States",
        "value": "USA"
      },
      "description": "This form was created by a bot.",
      "share-metadata": false
    },
    "_deployment_data": {},
    "data_sharing": {},
    "paired_data": {}
  }
},
{
  "model": "kpi.asset",
  "pk": 19,
  "fields": {
    "name": "Test",
    "date_created": "2022-01-06T17:48:21.623Z",
    "date_modified": "2022-01-06T17:48:21.623Z",
    "content": {
      "schema": "1",
      "survey": [],
      "settings": {}
    },
    "summary": {},
    "report_styles": {
      "default": {},
      "specified": {},
      "kuid_names": {}
    },
    "report_custom": {},
    "map_styles": {},
    "map_custom": {},
    "asset_type": "survey",
    "parent": null,
    "owner": 11,
    "uid": "a4k2BSQN2A6z8rYCLduPyE",
    "settings": {
      "sector": {
        "label": "Other",
        "value": "Other"
      },
      "country": {
        "label": "United States",
        "value": "USA"
      },
      "description": "This form was created by a bot.",
      "share-metadata": false
    },
    "_deployment_data": {},
    "data_sharing": {},
    "paired_data": {}
  }
},
{
  "model": "kpi.asset",
  "pk": 20,
  "fields": {
    "name": "Test",
    "date_created": "2022-01-06T18:09:17.198Z",
    "date_modified": "2022-01-06T18:09:17.198Z",
    "content": {
      "schema": "1",
      "survey": [],
      "settings": {}
    },
    "summary": {},
    "report_styles": {
      "default": {},
      "specified": {},
      "kuid_names": {}
    },
    "report_custom": {},
    "map_styles": {},
    "map_custom": {},
    "asset_type": "survey",
    "parent": null,
    "owner": 11,
    "uid": "a6UzPyHHDMiHM8AGJR63QW",
    "settings": {
      "sector": {
        "label": "Other",
        "value": "Other"
      },
      "country": {
        "label": "United States",
        "value": "USA"
      },
      "description": "This form was created by a bot.",
      "share-metadata": false
    },
    "_deployment_data": {},
    "data_sharing": {},
    "paired_data": {}
  }
},
{
  "model": "hub.extrauserdetail",
  "pk": 1,
  "fields": {
    "user": 1,
    "data": {}
  }
},
{
  "model": "hub.extrauserdetail",
  "pk": 2,
  "fields": {
    "user": -1,
    "data": {}
  }
},
{
  "model": "hub.extrauserdetail",
  "pk": 3,
  "fields": {
    "user": 2,
    "data": {}
  }
},
{
  "model": "hub.extrauserdetail",
  "pk": 4,
  "fields": {
    "user": 3,
    "data": {
      "name": "Test Account",
      "gender": "male",
      "sector": "Information / Media",
      "country": "USA",
      "organization": "KoBoToolbox"
    }
  }
},
{
  "model": "hub.extrauserdetail",
  "pk": 5,
  "fields": {
    "user": 4,
    "data": {
      "name": "Ben",
      "gender": "other",
      "sector": "",
      "country": "",
      "organization": "Kobo"
    }
  }
},
{
  "model": "hub.extrauserdetail",
  "pk": 6,
  "fields": {
    "user": 5,
    "data": {
      "name": "Ben",
      "gender": "other",
      "sector": "",
      "country": "",
      "organization": "Kobo"
    }
  }
},
{
  "model": "hub.extrauserdetail",
  "pk": 7,
  "fields": {
    "user": 6,
    "data": {
      "name": "Ben",
      "gender": "other",
      "sector": "",
      "country": "",
      "organization": "KoBoToolbox"
    }
  }
},
{
  "model": "hub.extrauserdetail",
  "pk": 8,
  "fields": {
    "user": 7,
    "data": {
      "name": "",
      "gender": "other",
      "sector": "",
      "country": "",
      "organization": ""
    }
  }
},
{
  "model": "hub.extrauserdetail",
  "pk": 9,
  "fields": {
    "user": 8,
    "data": {
      "name": "",
      "gender": "other",
      "sector": "",
      "country": "",
      "organization": ""
    }
  }
},
{
  "model": "hub.extrauserdetail",
  "pk": 10,
  "fields": {
    "user": 9,
    "data": {
      "name": "",
      "gender": "",
      "sector": "",
      "country": "",
      "organization": ""
    }
  }
},
{
  "model": "hub.extrauserdetail",
  "pk": 11,
  "fields": {
    "user": 10,
    "data": {
      "name": "",
      "gender": "",
      "sector": "",
      "country": "",
      "organization": ""
    }
  }
},
{
  "model": "hub.extrauserdetail",
  "pk": 12,
  "fields": {
    "user": 11,
    "data": {}
  }
},
{
  "model": "hub.extrauserdetail",
  "pk": 13,
  "fields": {
    "user": 12,
    "data": {}
  }
},
{
  "model": "registration.registrationprofile",
  "pk": 1,
  "fields": {
    "user": 3,
    "activation_key": "fa41d3459878d377f668886456151ee650cae53a",
    "activated": false
  }
},
{
  "model": "registration.registrationprofile",
  "pk": 2,
  "fields": {
    "user": 4,
    "activation_key": "8410d4474d56dbb179f1048c4f6496932c036cd2",
    "activated": false
  }
},
{
  "model": "registration.registrationprofile",
  "pk": 3,
  "fields": {
    "user": 5,
    "activation_key": "daaa9027668fa47f8c4a9fa1716865133fc13638",
    "activated": false
  }
},
{
  "model": "registration.registrationprofile",
  "pk": 4,
  "fields": {
    "user": 6,
    "activation_key": "bc411c6bbe2ed4cc9d70f57ed2f9015d14a0f364",
    "activated": false
  }
},
{
  "model": "registration.registrationprofile",
  "pk": 5,
  "fields": {
    "user": 7,
    "activation_key": "05ad29fe4e65bb8d7f2dac0c9eff53ba93068094",
    "activated": false
  }
},
{
  "model": "registration.registrationprofile",
  "pk": 6,
  "fields": {
    "user": 8,
    "activation_key": "b042991bfe11644c0655fe31422035322e2b0d47",
    "activated": false
  }
},
{
  "model": "registration.registrationprofile",
  "pk": 7,
  "fields": {
    "user": 9,
    "activation_key": "9bd115fcec8e3542e6805d4f5b43cc5bbfd21a95",
    "activated": false
  }
},
{
  "model": "registration.registrationprofile",
  "pk": 8,
  "fields": {
    "user": 10,
    "activation_key": "43e8b1752e1d86d884e66d2139af79c9fed9f9e8",
    "activated": false
  }
},
{
  "model": "admin.logentry",
  "pk": 1,
  "fields": {
    "action_time": "2021-12-30T22:59:26.358Z",
    "user": 1,
    "content_type": 4,
    "object_id": "11",
    "object_repr": "form_creation",
    "action_flag": 1,
    "change_message": "[{\"added\": {}}]"
  }
},
{
  "model": "admin.logentry",
  "pk": 2,
  "fields": {
    "action_time": "2021-12-30T23:07:46.379Z",
    "user": 1,
    "content_type": 4,
    "object_id": "11",
    "object_repr": "form_creation",
    "action_flag": 2,
    "change_message": "User super_admin logged in as form_creation."
  }
},
{
  "model": "admin.logentry",
  "pk": 3,
  "fields": {
    "action_time": "2021-12-30T23:08:37.164Z",
    "user": 1,
    "content_type": 4,
    "object_id": "12",
    "object_repr": "delete_me",
    "action_flag": 1,
    "change_message": "[{\"added\": {}}]"
  }
},
{
  "model": "admin.logentry",
  "pk": 4,
  "fields": {
    "action_time": "2021-12-30T23:10:49.551Z",
    "user": 1,
    "content_type": 4,
    "object_id": "11",
    "object_repr": "form_creation",
    "action_flag": 2,
    "change_message": "User super_admin logged in as form_creation."
  }
},
{
  "model": "authtoken.token",
  "pk": "29d3bdd305ae0dff159a697bf55e728676f9f02c",
  "fields": {
    "user": 11,
    "created": "2021-12-30T23:00:10.808Z"
  }
},
{
  "model": "authtoken.token",
  "pk": "62675a42c7cef8c9673cdfe4b3ac8a96b09534b6",
  "fields": {
    "user": 2,
    "created": "2021-12-31T03:39:38.050Z"
  }
},
{
  "model": "authtoken.token",
  "pk": "8415806264e57774b649168ffa8632c5fd51318b",
  "fields": {
    "user": 1,
    "created": "2021-12-13T17:08:13.536Z"
  }
},
{
  "model": "django_digest.partialdigest",
  "pk": 1,
  "fields": {
    "user": 1,
    "login": "kobo@example.com",
    "partial_digest": "8737d283cf801d2f202ff3bf6d38b93c",
    "confirmed": true
  }
},
{
  "model": "django_digest.partialdigest",
  "pk": 2,
  "fields": {
    "user": 1,
    "login": "super_admin",
    "partial_digest": "dba83eab5717c47768fb9175abb43d53",
    "confirmed": true
  }
},
{
  "model": "django_digest.partialdigest",
  "pk": 3,
  "fields": {
    "user": 2,
    "login": "kobo@example.com",
    "partial_digest": "8737d283cf801d2f202ff3bf6d38b93c",
    "confirmed": true
  }
},
{
  "model": "django_digest.partialdigest",
  "pk": 4,
  "fields": {
    "user": 2,
    "login": "ben",
    "partial_digest": "362bdeb6596bbd98f956db4313c4aa53",
    "confirmed": true
  }
},
{
  "model": "django_digest.partialdigest",
  "pk": 5,
  "fields": {
    "user": 3,
    "login": "wetbadger49@gmail.com",
    "partial_digest": "01f9fae920e125abd342de0aa7b087d1",
    "confirmed": true
  }
},
{
  "model": "django_digest.partialdigest",
  "pk": 6,
  "fields": {
    "user": 3,
    "login": "new_form",
    "partial_digest": "dc1cbcc78a399ff45195be931e6d6767",
    "confirmed": true
  }
},
{
  "model": "django_digest.partialdigest",
  "pk": 7,
  "fields": {
    "user": 4,
    "login": "wetbadger49@gmail.com",
    "partial_digest": "01f9fae920e125abd342de0aa7b087d1",
    "confirmed": true
  }
},
{
  "model": "django_digest.partialdigest",
  "pk": 8,
  "fields": {
    "user": 4,
    "login": "new_form2",
    "partial_digest": "e7959a7e433a32c4566ef49c78ca9b0f",
    "confirmed": true
  }
},
{
  "model": "django_digest.partialdigest",
  "pk": 9,
  "fields": {
    "user": 5,
    "login": "new_form3",
    "partial_digest": "21a3558880ac05bc5d47d9940c601390",
    "confirmed": true
  }
},
{
  "model": "django_digest.partialdigest",
  "pk": 10,
  "fields": {
    "user": 5,
    "login": "wetbadger49@gmail.com",
    "partial_digest": "01f9fae920e125abd342de0aa7b087d1",
    "confirmed": true
  }
},
{
  "model": "django_digest.partialdigest",
  "pk": 11,
  "fields": {
    "user": 6,
    "login": "wetbadger49@gmail.com",
    "partial_digest": "01f9fae920e125abd342de0aa7b087d1",
    "confirmed": true
  }
},
{
  "model": "django_digest.partialdigest",
  "pk": 12,
  "fields": {
    "user": 6,
    "login": "new_form4",
    "partial_digest": "c82c60c130332dad0fcbd4145d3f37dd",
    "confirmed": true
  }
},
{
  "model": "django_digest.partialdigest",
  "pk": 13,
  "fields": {
    "user": 7,
    "login": "new_form5",
    "partial_digest": "3d73fe302aae15b4e7a5e8ccc5190a85",
    "confirmed": true
  }
},
{
  "model": "django_digest.partialdigest",
  "pk": 14,
  "fields": {
    "user": 7,
    "login": "wetbadger49@gmail.com",
    "partial_digest": "01f9fae920e125abd342de0aa7b087d1",
    "confirmed": true
  }
},
{
  "model": "django_digest.partialdigest",
  "pk": 15,
  "fields": {
    "user": 8,
    "login": "new_form6",
    "partial_digest": "dcecc8404bfd021a18d93c1cd0fb7b13",
    "confirmed": true
  }
},
{
  "model": "django_digest.partialdigest",
  "pk": 16,
  "fields": {
    "user": 8,
    "login": "wetbadger49@gmail.com",
    "partial_digest": "01f9fae920e125abd342de0aa7b087d1",
    "confirmed": true
  }
},
{
  "model": "django_digest.partialdigest",
  "pk": 17,
  "fields": {
    "user": 9,
    "login": "wetbadger49@gmail.com",
    "partial_digest": "01f9fae920e125abd342de0aa7b087d1",
    "confirmed": true
  }
},
{
  "model": "django_digest.partialdigest",
  "pk": 18,
  "fields": {
    "user": 9,
    "login": "new_form7",
    "partial_digest": "db858ce152149ff0a55ba82840e7ff01",
    "confirmed": true
  }
},
{
  "model": "django_digest.partialdigest",
  "pk": 19,
  "fields": {
    "user": 10,
    "login": "new_form8",
    "partial_digest": "24751968b470fe9cccbb37de9d0ca9a1",
    "confirmed": true
  }
},
{
  "model": "django_digest.partialdigest",
  "pk": 20,
  "fields": {
    "user": 10,
    "login": "wetbadger49@gmail.com",
    "partial_digest": "01f9fae920e125abd342de0aa7b087d1",
    "confirmed": true
  }
},
{
  "model": "django_digest.partialdigest",
  "pk": 21,
  "fields": {
    "user": 11,
    "login": "form_creation",
    "partial_digest": "95f1e205ffb04f8f720d1e9687f18be9",
    "confirmed": true
  }
},
{
  "model": "django_digest.partialdigest",
  "pk": 22,
  "fields": {
    "user": 12,
    "login": "delete_me",
    "partial_digest": "fb168f00e2c5caa756a3d1cc375fc234",
    "confirmed": true
  }
},
{
  "model": "database.constance",
  "pk": 1,
  "fields": {
    "key": "CELERY_WORKER_MAX_CONCURRENCY",
    "value": "gAJYAAAAAHEALg=="
  }
},
{
  "model": "database.constance",
  "pk": 3,
  "fields": {
    "key": "CELERY_WORKER_MIN_CONCURRENCY",
    "value": 2
  }
},
{
  "model": "database.constance",
  "pk": 4,
  "fields": {
    "key": "TERMS_OF_SERVICE_URL",
    "value": "gAJYAAAAAHEALg=="
  }
},
{
  "model": "database.constance",
  "pk": 5,
  "fields": {
    "key": "PRIVACY_POLICY_URL",
    "value": "gAJYAAAAAHEALg=="
  }
},
{
  "model": "database.constance",
  "pk": 6,
  "fields": {
    "key": "SOURCE_CODE_URL",
    "value": "gAJYHwAAAGh0dHBzOi8vZ2l0aHViLmNvbS9rb2JvdG9vbGJveC9xAC4="
  }
},
{
  "model": "database.constance",
  "pk": 7,
  "fields": {
    "key": "SUPPORT_EMAIL",
    "value": "gAJYEgAAAHN1cHBvcnRAa29iby5sb2NhbHEALg=="
  }
},
{
  "model": "database.constance",
  "pk": 8,
  "fields": {
    "key": "SUPPORT_URL",
    "value": "gAJYIAAAAGh0dHBzOi8vc3VwcG9ydC5rb2JvdG9vbGJveC5vcmcvcQAu"
  }
},
{
  "model": "database.constance",
  "pk": 9,
  "fields": {
    "key": "COMMUNITY_URL",
    "value": "gAJYIgAAAGh0dHBzOi8vY29tbXVuaXR5LmtvYm90b29sYm94Lm9yZy9xAC4="
  }
},
{
  "model": "database.constance",
  "pk": 10,
  "fields": {
    "key": "REGISTRATION_OPEN",
    "value": true
  }
},
{
  "model": "database.constance",
  "pk": 11,
  "fields": {
    "key": "EXPOSE_GIT_REV",
    "value": false
  }
},
{
  "model": "django_celery_beat.crontabschedule",
  "pk": 1,
  "fields": {
    "minute": "0",
    "hour": "4",
    "day_of_week": "*",
    "day_of_month": "*",
    "month_of_year": "*",
    "timezone": "UTC"
  }
},
{
  "model": "django_celery_beat.crontabschedule",
  "pk": 2,
  "fields": {
    "minute": "0",
    "hour": "0",
    "day_of_week": "*",
    "day_of_month": "*",
    "month_of_year": "*",
    "timezone": "UTC"
  }
},
{
  "model": "django_celery_beat.periodictasks",
  "pk": 1,
  "fields": {
    "last_update": "2022-01-06T18:38:58.538Z"
  }
},
{
  "model": "django_celery_beat.periodictask",
  "pk": 1,
  "fields": {
    "name": "celery.backend_cleanup",
    "task": "celery.backend_cleanup",
    "interval": null,
    "crontab": 1,
    "solar": null,
    "clocked": null,
    "args": "[]",
    "kwargs": "{}",
    "queue": null,
    "exchange": null,
    "routing_key": null,
    "headers": "{}",
    "priority": null,
    "expires": null,
    "one_off": false,
    "start_time": null,
    "enabled": true,
    "last_run_at": "2022-01-06T15:20:34.302Z",
    "total_run_count": 13,
    "date_changed": "2022-01-06T18:38:58.522Z",
    "description": ""
  }
},
{
  "model": "django_celery_beat.periodictask",
  "pk": 2,
  "fields": {
    "name": "send-hooks-failures-reports",
    "task": "kobo.apps.hook.tasks.failures_reports",
    "interval": null,
    "crontab": 2,
    "solar": null,
    "clocked": null,
    "args": "[]",
    "kwargs": "{}",
    "queue": "kpi_queue",
    "exchange": null,
    "routing_key": null,
    "headers": "{}",
    "priority": null,
    "expires": null,
    "one_off": false,
    "start_time": null,
    "enabled": true,
    "last_run_at": "2022-01-06T15:20:34.322Z",
    "total_run_count": 16,
    "date_changed": "2022-01-06T18:38:58.540Z",
    "description": ""
  }
}
]
